conference_name,event_type,attendence_type,start_date,end_date,address,sponsors,map,website
2024 IEEE International Symposium on High-Performance Computer Architecture (HPCA),Technical Conference,In Person,2 March 2024,6 March 2024,"Edinburgh, United Kingdom",['IEEE Computer Society'],https://maps.googleapis.com/maps/api/staticmap?size=500x450&sensor=false&zoom=5&markers=55.953252%2C-3.188267&key=AIzaSyBeSTwjOtn9hQP2fBZOPEJcH8Q6D0rmU1U,https://hpca-conf.org/
2024 IEEE/ACM International Symposium on Code Generation and Optimization (CGO),Technical Conference,In Person,2 March 2024,6 March 2024,"Edinburgh, United Kingdom","['IEEE Computer Society', 'Association for Computing Machinery - ACM']",https://maps.googleapis.com/maps/api/staticmap?size=500x450&sensor=false&zoom=5&markers=55.953252%2C-3.188267&key=AIzaSyBeSTwjOtn9hQP2fBZOPEJcH8Q6D0rmU1U,https://conf.researchr.org/home/cgo-2024
2024 IEEE International Conference on Pervasive Computing and Communications (PerCom),Technical Conference,In Person,11 March 2024,15 March 2024,"Biarritz, France",['IEEE Computer Society'],https://maps.googleapis.com/maps/api/staticmap?size=500x450&sensor=false&zoom=5&markers=43.4831519%2C-1.558626&key=AIzaSyBeSTwjOtn9hQP2fBZOPEJcH8Q6D0rmU1U,https://www.percom.org/
2024 IEEE International Conference on Pervasive Computing and Communications Workshops and other Affiliated Events (PerCom Workshops),Technical Conference,In Person,11 March 2024,15 March 2024,"Biarritz, France",['IEEE Computer Society'],https://maps.googleapis.com/maps/api/staticmap?size=500x450&sensor=false&zoom=5&markers=43.4831519%2C-1.558626&key=AIzaSyBeSTwjOtn9hQP2fBZOPEJcH8Q6D0rmU1U,https://www.percom.org/
"2024 IEEE International Conference on Software Analysis, Evolution and Reengineering (SANER)",Technical Conference,In Person,12 March 2024,15 March 2024,"Rovaniemi, Finland",['IEEE Computer Society'],https://maps.googleapis.com/maps/api/staticmap?size=500x450&sensor=false&zoom=5&markers=66.50394779999999%2C25.7293905&key=AIzaSyBeSTwjOtn9hQP2fBZOPEJcH8Q6D0rmU1U,https://conf.researchr.org/home/saner-2024
"2024 IEEE International Conference on Software Analysis, Evolution and Reengineering - Companion (SANER-C)",Technical Conference,In Person,12 March 2024,12 March 2024,"Rovaniemi, Finland",['IEEE Computer Society'],https://maps.googleapis.com/maps/api/staticmap?size=500x450&sensor=false&zoom=5&markers=66.50394779999999%2C25.7293905&key=AIzaSyBeSTwjOtn9hQP2fBZOPEJcH8Q6D0rmU1U,https://conf.researchr.org/home/saner-2024
2024 IEEE Conference Virtual Reality and 3D User Interfaces (VR),Technical Conference,In Person,16 March 2024,21 March 2024,"Orlando, Florida, USA",['IEEE Computer Society'],https://maps.googleapis.com/maps/api/staticmap?size=500x450&sensor=false&zoom=5&markers=28.5383832%2C-81.3789269&key=AIzaSyBeSTwjOtn9hQP2fBZOPEJcH8Q6D0rmU1U,https://ieeevr.org/2024/
2024 IEEE Conference on Virtual Reality and 3D User Interfaces Abstracts and Workshops (VRW),Technical Conference,In Person,16 March 2024,21 March 2024,"Orlando, Florida, USA",['IEEE Computer Society'],https://maps.googleapis.com/maps/api/staticmap?size=500x450&sensor=false&zoom=5&markers=28.5383832%2C-81.3789269&key=AIzaSyBeSTwjOtn9hQP2fBZOPEJcH8Q6D0rmU1U,https://ieeevr.org/2024/
2024 9th International Conference on Big Data Analytics (ICBDA),Technical Conference,Hybrid,16 March 2024,18 March 2024,"Tokyo, Japan (Hybrid)","['IEEE Computer Society', 'Xian Jiaotong-Liverpool University']",https://maps.googleapis.com/maps/api/staticmap?size=500x450&sensor=false&zoom=5&markers=35.6761919%2C139.6503106&key=AIzaSyBeSTwjOtn9hQP2fBZOPEJcH8Q6D0rmU1U,https://www.icbda.org/
2024 IEEE Southwest Symposium on Image Analysis and Interpretation (SSIAI),Technical Conference,In Person,17 March 2024,19 March 2024,"Santa Fe, New Mexico, USA",['IEEE Computer Society'],https://maps.googleapis.com/maps/api/staticmap?size=500x450&sensor=false&zoom=5&markers=35.6869752%2C-105.937799&key=AIzaSyBeSTwjOtn9hQP2fBZOPEJcH8Q6D0rmU1U,http://ssiai.org/
"2024 Design, Automation & Test in Europe Conference & Exhibition (DATE)",Technical Conference,In Person,25 March 2024,27 March 2024,"Valencia, Spain","['IEEE Computer Society', 'IEEE Council on Electronic Design Automation', 'Association for Computing Machinery Special Interest Group on Design Automation - ACM SIGDA', 'European Design and Automation Association - EDAA', 'SEMI - Electronic System Design Alliance', 'IEEE Solid-State Circuits Society']",https://maps.googleapis.com/maps/api/staticmap?size=500x450&sensor=false&zoom=5&markers=39.46894%2C-0.37686&key=AIzaSyBeSTwjOtn9hQP2fBZOPEJcH8Q6D0rmU1U,https://www.date-conference.com/
2024 IEEE Conference on Secure and Trustworthy Machine Learning (SaTML),Technical Conference,In Person,9 April 2024,11 April 2024,"Toronto, Ontario, Canada",['IEEE Computer Society'],https://maps.googleapis.com/maps/api/staticmap?size=500x450&sensor=false&zoom=5&markers=43.653226%2C-79.3831843&key=AIzaSyBeSTwjOtn9hQP2fBZOPEJcH8Q6D0rmU1U,https://satml.org/
2024 IEEE 25th Latin American Test Symposium (LATS),Technical Conference,In Person,9 April 2024,12 April 2024,"Maceio, Brazil","['IEEE Computer Society', 'IEEE Council on Electronic Design Automation', 'Universidade Federal Rio Grande do Sul']",https://maps.googleapis.com/maps/api/staticmap?size=500x450&sensor=false&zoom=5&markers=-9.66648%2C-35.73495&key=AIzaSyBeSTwjOtn9hQP2fBZOPEJcH8Q6D0rmU1U,http://lats.tttc-events.org/
"2024 Asia-Pacific Conference on Image Processing, Electronics and Computers (IPEC)",Technical Conference,Hybrid,12 April 2024,14 April 2024,"Dalian, China (Hybrid)","['IEEE Computer Society', 'Beijing University of Technology']",https://maps.googleapis.com/maps/api/staticmap?size=500x450&sensor=false&zoom=5&markers=38.9139899%2C121.6147&key=AIzaSyBeSTwjOtn9hQP2fBZOPEJcH8Q6D0rmU1U,http://www.acipec.org/
2024 IEEE/ACM 46th International Conference on Software Engineering (ICSE),Technical Conference,In Person,14 April 2024,20 April 2024,"Lisbon, Portugal","['IEEE Computer Society', 'Association for Computing Machinery Special Interest Group on Software Engineering - ACM SIGSOFT', 'Faculty of Engineering of the University of Porto']",https://maps.googleapis.com/maps/api/staticmap?size=500x450&sensor=false&zoom=5&markers=38.7222524%2C-9.1393366&key=AIzaSyBeSTwjOtn9hQP2fBZOPEJcH8Q6D0rmU1U,https://conf.researchr.org/home/icse-2024
2024 IEEE/ACM 46th International Conference on Software Engineering: Companion Proceedings (ICSE-Companion),Technical Conference,In Person,14 April 2024,20 April 2024,"Lisbon, Portugal","['IEEE Computer Society', 'ACM SIGSOFT/SIGART/SIGPLAN', 'Faculty of Engineering of the University of Porto']",https://maps.googleapis.com/maps/api/staticmap?size=500x450&sensor=false&zoom=5&markers=38.7222524%2C-9.1393366&key=AIzaSyBeSTwjOtn9hQP2fBZOPEJcH8Q6D0rmU1U,https://conf.researchr.org/home/icse-2024
2024 IEEE/ACM 46th International Conference on Software Engineering: Software Engineering Education and Training (ICSE-SEET),Technical Conference,In Person,14 April 2024,20 April 2024,"Lisbon, Portugal","['IEEE Computer Society', 'ACM SIGSOFT/SIGART/SIGPLAN', 'Faculty of Engineering of the University of Porto']",https://maps.googleapis.com/maps/api/staticmap?size=500x450&sensor=false&zoom=5&markers=38.7222524%2C-9.1393366&key=AIzaSyBeSTwjOtn9hQP2fBZOPEJcH8Q6D0rmU1U,https://conf.researchr.org/track/icse-2024/icse-2024-software-engineering-education-and-training-track
2024 IEEE/ACM 46th International Conference on Software Engineering: Software Engineering in Society (ICSE-SEIS),Technical Conference,In Person,14 April 2024,20 April 2024,"Lisbon, Portugal","['IEEE Computer Society', 'ACM SIGSOFT/SIGART/SIGPLAN', 'Faculty of Engineering of the University of Porto']",https://maps.googleapis.com/maps/api/staticmap?size=500x450&sensor=false&zoom=5&markers=38.7222524%2C-9.1393366&key=AIzaSyBeSTwjOtn9hQP2fBZOPEJcH8Q6D0rmU1U,https://conf.researchr.org/track/icse-2024/icse-2024-software-engineering-in-society
2024 IEEE/ACM 46th International Conference on Software Engineering: New Ideas and Emerging Results (ICSE-NIER),Technical Conference,In Person,14 April 2024,20 April 2024,"Lisbon, Portugal","['IEEE Computer Society', 'ACM SIGSOFT/SIGART/SIGPLAN', 'Faculty of Engineering of the University of Porto']",https://maps.googleapis.com/maps/api/staticmap?size=500x450&sensor=false&zoom=5&markers=38.7222524%2C-9.1393366&key=AIzaSyBeSTwjOtn9hQP2fBZOPEJcH8Q6D0rmU1U,https://conf.researchr.org/track/icse-2024/icse-2024-new-ideas-and-emerging-results
2024 IEEE/ACM 46th International Conference on Software Engineering: Software Engineering in Practice (ICSE-SEIP),Technical Conference,In Person,14 April 2024,20 April 2024,"Lisbon, Portugal","['IEEE Computer Society', 'ACM SIGSOFT/SIGART/SIGPLAN', 'Faculty of Engineering of the University of Porto']",https://maps.googleapis.com/maps/api/staticmap?size=500x450&sensor=false&zoom=5&markers=38.7222524%2C-9.1393366&key=AIzaSyBeSTwjOtn9hQP2fBZOPEJcH8Q6D0rmU1U,https://conf.researchr.org/track/icse-2024/icse-2024-software-engineering-in-practice
2024 IEEE/ACM 3rd International Conference on AI Engineering – Software Engineering for AI (CAIN),Technical Conference,In Person,14 April 2024,15 April 2024,"Lisbon, Portugal","['IEEE Computer Society', 'ACM SIGSOFT/SIGART/SIGPLAN', 'Faculty of Engineering of the University of Porto']",https://maps.googleapis.com/maps/api/staticmap?size=500x450&sensor=false&zoom=5&markers=38.7222524%2C-9.1393366&key=AIzaSyBeSTwjOtn9hQP2fBZOPEJcH8Q6D0rmU1U,https://conf.researchr.org/home/cain-2024
2024 IEEE/ACM 17th International Conference on Cooperative and Human Aspects of Software Engineering (CHASE),Technical Conference,In Person,14 April 2024,15 April 2024,"Lisbon, Portugal","['IEEE Computer Society', 'ACM SIGSOFT/SIGART/SIGPLAN', 'Faculty of Engineering of the University of Porto']",https://maps.googleapis.com/maps/api/staticmap?size=500x450&sensor=false&zoom=5&markers=38.7222524%2C-9.1393366&key=AIzaSyBeSTwjOtn9hQP2fBZOPEJcH8Q6D0rmU1U,https://conf.researchr.org/home/chase-2024
2024 IEEE/ACM 12th International Conference on Formal Methods in Software Engineering (FormaliSE),Technical Conference,In Person,14 April 2024,16 April 2024,"Lisbon, Portugal","['IEEE Computer Society', 'ACM SIGSOFT/SIGART/SIGPLAN', 'Faculty of Engineering of the University of Porto']",https://maps.googleapis.com/maps/api/staticmap?size=500x450&sensor=false&zoom=5&markers=38.7222524%2C-9.1393366&key=AIzaSyBeSTwjOtn9hQP2fBZOPEJcH8Q6D0rmU1U,https://conf.researchr.org/home/Formalise-2024
2024 IEEE/ACM International Conference on Technical Debt (TechDebt),Technical Conference,In Person,14 April 2024,15 April 2024,"Lisbon, Portugal","['IEEE Computer Society', 'ACM SIGSOFT/SIGART/SIGPLAN', 'Faculty of Engineering of the University of Porto']",https://maps.googleapis.com/maps/api/staticmap?size=500x450&sensor=false&zoom=5&markers=38.7222524%2C-9.1393366&key=AIzaSyBeSTwjOtn9hQP2fBZOPEJcH8Q6D0rmU1U,https://conf.researchr.org/home/TechDebt-2024
2024 IEEE/ACM 11th International Conference on Mobile Software Engineering and Systems (MOBILESoft),Technical Conference,In Person,14 April 2024,15 April 2024,"Lisbon, Portugal","['IEEE Computer Society', 'ACM SIGSOFT/SIGART/SIGPLAN', 'Faculty of Engineering of the University of Porto']",https://maps.googleapis.com/maps/api/staticmap?size=500x450&sensor=false&zoom=5&markers=38.7222524%2C-9.1393366&key=AIzaSyBeSTwjOtn9hQP2fBZOPEJcH8Q6D0rmU1U,https://conf.researchr.org/home/mobilesoft-2024
2024 IEEE/ACM 12th International Workshop on Software Engineering for Systems-of-Systems and Software Ecosystems (SESoS),Technical Conference,In Person,14 April 2024,14 April 2024,"Lisbon, Portugal","['IEEE Computer Society', 'ACM SIGSOFT/SIGART/SIGPLAN', 'Faculty of Engineering of the University of Porto']",https://maps.googleapis.com/maps/api/staticmap?size=500x450&sensor=false&zoom=5&markers=38.7222524%2C-9.1393366&key=AIzaSyBeSTwjOtn9hQP2fBZOPEJcH8Q6D0rmU1U,https://conf.researchr.org/home/icse-2024/sesos-2024
2024 IEEE/ACM International Flaky Tests Workshop (FTW),Technical Conference,In Person,14 April 2024,14 April 2024,"Lisbon, Portugal","['IEEE Computer Society', 'ACM SIGSOFT/SIGART/SIGPLAN', 'Faculty of Engineering of the University of Porto']",https://maps.googleapis.com/maps/api/staticmap?size=500x450&sensor=false&zoom=5&markers=38.7222524%2C-9.1393366&key=AIzaSyBeSTwjOtn9hQP2fBZOPEJcH8Q6D0rmU1U,https://conf.researchr.org/home/icse-2024/ftw-2024
2024 IEEE/ACM International Workshop New Trends in Software Architecture (SATrends),Technical Conference,In Person,14 April 2024,14 April 2024,"Lisbon, Portugal","['IEEE Computer Society', 'ACM SIGSOFT/SIGART/SIGPLAN', 'Faculty of Engineering of the University of Porto']",https://maps.googleapis.com/maps/api/staticmap?size=500x450&sensor=false&zoom=5&markers=38.7222524%2C-9.1393366&key=AIzaSyBeSTwjOtn9hQP2fBZOPEJcH8Q6D0rmU1U,https://conf.researchr.org/home/icse-2024/satrends-2024
2024 IEEE/ACM 8th International Workshop on Games and Software Engineering (GAS),Technical Conference,In Person,14 April 2024,14 April 2024,"Lisbon, Portugal","['IEEE Computer Society', 'ACM SIGSOFT/SIGART/SIGPLAN', 'Faculty of Engineering of the University of Porto']",https://maps.googleapis.com/maps/api/staticmap?size=500x450&sensor=false&zoom=5&markers=38.7222524%2C-9.1393366&key=AIzaSyBeSTwjOtn9hQP2fBZOPEJcH8Q6D0rmU1U,https://sites.google.com/view/gas-2024
2024 IEEE/ACM International Workshop on Search-Based and Fuzz Testing (SBFT),Technical Conference,In Person,14 April 2024,14 April 2024,"Lisbon, Portugal","['IEEE Computer Society', 'ACM SIGSOFT/SIGART/SIGPLAN', 'Faculty of Engineering of the University of Porto']",https://maps.googleapis.com/maps/api/staticmap?size=500x450&sensor=false&zoom=5&markers=38.7222524%2C-9.1393366&key=AIzaSyBeSTwjOtn9hQP2fBZOPEJcH8Q6D0rmU1U,https://sbft24.github.io/
2024 IEEE/ACM First International Conference on AI Foundation Models and Software Engineering (Forge),Technical Conference,In Person,14 April 2024,14 April 2024,"Lisbon, Portugal","['IEEE Computer Society', 'ACM SIGSOFT/SIGART/SIGPLAN', 'Faculty of Engineering of the University of Porto']",https://maps.googleapis.com/maps/api/staticmap?size=500x450&sensor=false&zoom=5&markers=38.7222524%2C-9.1393366&key=AIzaSyBeSTwjOtn9hQP2fBZOPEJcH8Q6D0rmU1U,https://conf.researchr.org/home/forge-2024
2024 IEEE/ACM International Conference on Automation of Software Test (AST),Technical Conference,In Person,15 April 2024,16 April 2024,"Lisbon, Portugal","['IEEE Computer Society', 'ACM SIGSOFT/SIGART/SIGPLAN', 'Faculty of Engineering of the University of Porto']",https://maps.googleapis.com/maps/api/staticmap?size=500x450&sensor=false&zoom=5&markers=38.7222524%2C-9.1393366&key=AIzaSyBeSTwjOtn9hQP2fBZOPEJcH8Q6D0rmU1U,https://conf.researchr.org/home/ast-2024
2024 IEEE/ACM 32nd International Conference on Program Comprehension (ICPC),Technical Conference,In Person,15 April 2024,16 April 2024,"Lisbon, Portugal","['IEEE Computer Society', 'ACM SIGSOFT/SIGART/SIGPLAN', 'Faculty of Engineering of the University of Porto']",https://maps.googleapis.com/maps/api/staticmap?size=500x450&sensor=false&zoom=5&markers=38.7222524%2C-9.1393366&key=AIzaSyBeSTwjOtn9hQP2fBZOPEJcH8Q6D0rmU1U,https://conf.researchr.org/home/icpc-2024
2024 IEEE/ACM 19th Symposium on Software Engineering for Adaptive and Self-Managing Systems (SEAMS),Technical Conference,In Person,15 April 2024,16 April 2024,"Lisbon, Portugal","['IEEE Computer Society', 'ACM SIGSOFT/SIGART/SIGPLAN', 'Faculty of Engineering of the University of Porto']",https://maps.googleapis.com/maps/api/staticmap?size=500x450&sensor=false&zoom=5&markers=38.7222524%2C-9.1393366&key=AIzaSyBeSTwjOtn9hQP2fBZOPEJcH8Q6D0rmU1U,https://conf.researchr.org/home/seams-2024
2024 IEEE/ACM 21st International Conference on Mining Software Repositories (MSR),Technical Conference,In Person,15 April 2024,16 April 2024,"Lisbon, Portugal","['IEEE Computer Society', 'ACM SIGSOFT/SIGART/SIGPLAN', 'Faculty of Engineering of the University of Porto']",https://maps.googleapis.com/maps/api/staticmap?size=500x450&sensor=false&zoom=5&markers=38.7222524%2C-9.1393366&key=AIzaSyBeSTwjOtn9hQP2fBZOPEJcH8Q6D0rmU1U,https://2024.msrconf.org/
2024 IEEE/ACM 6th International Workshop on Robotics Software Engineering (RoSE),Technical Conference,In Person,15 April 2024,15 April 2024,"Lisbon, Portugal","['IEEE Computer Society', 'ACM SIGSOFT/SIGART/SIGPLAN', 'Faculty of Engineering of the University of Porto']",https://maps.googleapis.com/maps/api/staticmap?size=500x450&sensor=false&zoom=5&markers=38.7222524%2C-9.1393366&key=AIzaSyBeSTwjOtn9hQP2fBZOPEJcH8Q6D0rmU1U,https://rose-workshops.github.io/rose2024/
2024 IEEE/ACM International Workshop on Designing Software (Designing),Technical Conference,In Person,15 April 2024,15 April 2024,"Lisbon, Portugal","['IEEE Computer Society', 'ACM SIGSOFT/SIGART/SIGPLAN', 'Faculty of Engineering of the University of Porto']",https://maps.googleapis.com/maps/api/staticmap?size=500x450&sensor=false&zoom=5&markers=38.7222524%2C-9.1393366&key=AIzaSyBeSTwjOtn9hQP2fBZOPEJcH8Q6D0rmU1U,https://designing2024.github.io/
"2024 IEEE/ACM 2nd International Workshop on Interpretability, Robustness, and Benchmarking in Neural Software Engineering (InteNSE)",Technical Conference,In Person,15 April 2024,15 April 2024,"Lisbon, Portugal","['IEEE Computer Society', 'ACM SIGSOFT/SIGART/SIGPLAN', 'Faculty of Engineering of the University of Porto']",https://maps.googleapis.com/maps/api/staticmap?size=500x450&sensor=false&zoom=5&markers=38.7222524%2C-9.1393366&key=AIzaSyBeSTwjOtn9hQP2fBZOPEJcH8Q6D0rmU1U,https://intense24.github.io/
2024 IEEE/ACM 4th International Workshop on Engineering and Cybersecurity of Critical Systems and 2024 IEEE/ACM Second International Workshop on Software Vulnerability (EnCyCriS/SVM),Technical Conference,In Person,15 April 2024,15 April 2024,"Lisbon, Portugal","['IEEE Computer Society', 'ACM SIGSOFT/SIGART/SIGPLAN', 'Faculty of Engineering of the University of Porto']",https://maps.googleapis.com/maps/api/staticmap?size=500x450&sensor=false&zoom=5&markers=38.7222524%2C-9.1393366&key=AIzaSyBeSTwjOtn9hQP2fBZOPEJcH8Q6D0rmU1U,https://conf.researchr.org/home/icse-2024/encycris-svm-2024
2024 IEEE/ACM International Workshop on Genetic Improvement (GI),Technical Conference,In Person,16 April 2024,16 April 2024,"Lisbon, Portugal","['IEEE Computer Society', 'ACM SIGSOFT/SIGART/SIGPLAN', 'Faculty of Engineering of the University of Porto']",https://maps.googleapis.com/maps/api/staticmap?size=500x450&sensor=false&zoom=5&markers=38.7222524%2C-9.1393366&key=AIzaSyBeSTwjOtn9hQP2fBZOPEJcH8Q6D0rmU1U,https://geneticimprovementofsoftware.com/events/icse2024
2024 IEEE/ACM International Workshop on Software-Intensive Business (IWSiB),Technical Conference,In Person,16 April 2024,16 April 2024,"Lisbon, Portugal","['IEEE Computer Society', 'ACM SIGSOFT/SIGART/SIGPLAN', 'Faculty of Engineering of the University of Porto']",https://maps.googleapis.com/maps/api/staticmap?size=500x450&sensor=false&zoom=5&markers=38.7222524%2C-9.1393366&key=AIzaSyBeSTwjOtn9hQP2fBZOPEJcH8Q6D0rmU1U,https://iwsib2024.github.io/
2024 IEEE/ACM Workshop on Software Engineering Challenges in Financial Firms (FinanSE),Technical Conference,In Person,16 April 2024,16 April 2024,"Lisbon, Portugal","['IEEE Computer Society', 'ACM SIGSOFT/SIGART/SIGPLAN', 'Faculty of Engineering of the University of Porto']",https://maps.googleapis.com/maps/api/staticmap?size=500x450&sensor=false&zoom=5&markers=38.7222524%2C-9.1393366&key=AIzaSyBeSTwjOtn9hQP2fBZOPEJcH8Q6D0rmU1U,https://finanse24.github.io/
"2024 IEEE/ACM Workshop on Multi-disciplinary, Open, and RElevant Requirements Engineering (MO2RE)",Technical Conference,In Person,16 April 2024,16 April 2024,"Lisbon, Portugal","['IEEE Computer Society', 'ACM SIGSOFT/SIGART/SIGPLAN', 'Faculty of Engineering of the University of Porto']",https://maps.googleapis.com/maps/api/staticmap?size=500x450&sensor=false&zoom=5&markers=38.7222524%2C-9.1393366&key=AIzaSyBeSTwjOtn9hQP2fBZOPEJcH8Q6D0rmU1U,https://mo2re.github.io/
2024 IEEE/ACM 5th International Workshop on Quantum Software Engineering (Q-SE),Technical Conference,In Person,16 April 2024,16 April 2024,"Lisbon, Portugal","['IEEE Computer Society', 'ACM SIGSOFT/SIGART/SIGPLAN', 'Faculty of Engineering of the University of Porto']",https://maps.googleapis.com/maps/api/staticmap?size=500x450&sensor=false&zoom=5&markers=38.7222524%2C-9.1393366&key=AIzaSyBeSTwjOtn9hQP2fBZOPEJcH8Q6D0rmU1U,https://conf.researchr.org/home/icse-2024/q-se-2024#About
2024 IEEE/ACM International Workshop on Methodological Issues with Empirical Studies in Software Engineering (WSESE),Technical Conference,In Person,16 April 2024,16 April 2024,"Lisbon, Portugal","['IEEE Computer Society', 'ACM SIGSOFT/SIGART/SIGPLAN', 'Faculty of Engineering of the University of Porto']",https://maps.googleapis.com/maps/api/staticmap?size=500x450&sensor=false&zoom=5&markers=38.7222524%2C-9.1393366&key=AIzaSyBeSTwjOtn9hQP2fBZOPEJcH8Q6D0rmU1U,https://2024.ese-workshops.org/
2024 IEEE/ACM International Workshop on Responsible AI Engineering (RAIE),Technical Conference,In Person,16 April 2024,16 April 2024,"Lisbon, Portugal","['IEEE Computer Society', 'ACM SIGSOFT/SIGART/SIGPLAN', 'Faculty of Engineering of the University of Porto']",https://maps.googleapis.com/maps/api/staticmap?size=500x450&sensor=false&zoom=5&markers=38.7222524%2C-9.1393366&key=AIzaSyBeSTwjOtn9hQP2fBZOPEJcH8Q6D0rmU1U,https://conf.researchr.org/home/icse-2024/raie-2024
2024 IEEE Symposium in Low-Power and High-Speed Chips (COOL CHIPS),Technical Conference,Hybrid,17 April 2024,19 April 2024,"Tokyo, Japan (Hybrid)",['IEEE Computer Society'],https://maps.googleapis.com/maps/api/staticmap?size=500x450&sensor=false&zoom=5&markers=35.6761919%2C139.6503106&key=AIzaSyBeSTwjOtn9hQP2fBZOPEJcH8Q6D0rmU1U,https://www.coolchips.org/2024/
2024 9th International Conference on Intelligent Computing and Signal Processing (ICSP),Technical Conference,Hybrid,19 April 2024,21 April 2024,"Xian, China (Hybrid)","['IEEE Computer Society', 'Xi’an University of Science and Technology']",https://maps.googleapis.com/maps/api/staticmap?size=500x450&sensor=false&zoom=5&markers=30.40108%2C-92.70546&key=AIzaSyBeSTwjOtn9hQP2fBZOPEJcH8Q6D0rmU1U,http://ic-icsp.org/
"2024 IEEE/ACM Workshop on Gender Equality, Diversity, and Inclusion in Software Engineering (GEICSE)",Technical Conference,In Person,20 April 2024,20 April 2024,"Lisbon, Portugal","['IEEE Computer Society', 'ACM SIGSOFT/SIGART/SIGPLAN', 'Faculty of Engineering of the University of Porto']",https://maps.googleapis.com/maps/api/staticmap?size=500x450&sensor=false&zoom=5&markers=38.7222524%2C-9.1393366&key=AIzaSyBeSTwjOtn9hQP2fBZOPEJcH8Q6D0rmU1U,https://conf.researchr.org/home/icse-2024
2024 IEEE/ACM International Workshop on Deep Learning for Testing and Testing for Deep Learning (DeepTest),Technical Conference,In Person,20 April 2024,20 April 2024,"Lisbon, Portugal","['IEEE Computer Society', 'ACM SIGSOFT/SIGART/SIGPLAN', 'Faculty of Engineering of the University of Porto']",https://maps.googleapis.com/maps/api/staticmap?size=500x450&sensor=false&zoom=5&markers=38.7222524%2C-9.1393366&key=AIzaSyBeSTwjOtn9hQP2fBZOPEJcH8Q6D0rmU1U,https://conf.researchr.org/home/icse-2024
2024 IEEE/ACM International Workshop on Natural Language-Based Software Engineering (NLBSE),Technical Conference,In Person,20 April 2024,20 April 2024,"Lisbon, Portugal","['IEEE Computer Society', 'ACM SIGSOFT/SIGART/SIGPLAN', 'Faculty of Engineering of the University of Porto']",https://maps.googleapis.com/maps/api/staticmap?size=500x450&sensor=false&zoom=5&markers=38.7222524%2C-9.1393366&key=AIzaSyBeSTwjOtn9hQP2fBZOPEJcH8Q6D0rmU1U,https://conf.researchr.org/home/icse-2024
2024 IEEE/ACM 6th International Workshop on Software Engineering Research & Practices for the IoT (SERP4IoT),Technical Conference,In Person,20 April 2024,20 April 2024,"Lisbon, Portugal","['IEEE Computer Society', 'ACM SIGSOFT/SIGART/SIGPLAN', 'Faculty of Engineering of the University of Porto']",https://maps.googleapis.com/maps/api/staticmap?size=500x450&sensor=false&zoom=5&markers=38.7222524%2C-9.1393366&key=AIzaSyBeSTwjOtn9hQP2fBZOPEJcH8Q6D0rmU1U,https://conf.researchr.org/home/icse-2024
2024 IEEE/ACM International Workshop on Automated Program Repair (APR),Technical Conference,In Person,20 April 2024,20 April 2024,"Lisbon, Portugal","['IEEE Computer Society', 'ACM SIGSOFT/SIGART/SIGPLAN', 'Faculty of Engineering of the University of Porto']",https://maps.googleapis.com/maps/api/staticmap?size=500x450&sensor=false&zoom=5&markers=38.7222524%2C-9.1393366&key=AIzaSyBeSTwjOtn9hQP2fBZOPEJcH8Q6D0rmU1U,https://conf.researchr.org/home/icse-2024
2024 IEEE/ACM International Workshop on Large Language Models for Code (LLM4Code),Technical Conference,In Person,20 April 2024,20 April 2024,"Lisbon, Portugal","['IEEE Computer Society', 'ACM SIGSOFT/SIGART/SIGPLAN', 'Faculty of Engineering of the University of Porto']",https://maps.googleapis.com/maps/api/staticmap?size=500x450&sensor=false&zoom=5&markers=38.7222524%2C-9.1393366&key=AIzaSyBeSTwjOtn9hQP2fBZOPEJcH8Q6D0rmU1U,https://llm4code.github.io/
2024 IEEE/ACM First IDE Workshop (IDE),Technical Conference,In Person,20 April 2024,20 April 2024,"Lisbon, Portugal","['IEEE Computer Society', 'ACM SIGSOFT/SIGART/SIGPLAN', 'Faculty of Engineering of the University of Porto']",https://maps.googleapis.com/maps/api/staticmap?size=500x450&sensor=false&zoom=5&markers=38.7222524%2C-9.1393366&key=AIzaSyBeSTwjOtn9hQP2fBZOPEJcH8Q6D0rmU1U,
2024 IEEE/ACM Workshop on Explainability Engineering (ExEn),Technical Conference,In Person,20 April 2024,20 April 2024,"Lisbon, Portugal","['IEEE Computer Society', 'ACM SIGSOFT/SIGART/SIGPLAN', 'Faculty of Engineering of the University of Porto']",https://maps.googleapis.com/maps/api/staticmap?size=500x450&sensor=false&zoom=5&markers=38.7222524%2C-9.1393366&key=AIzaSyBeSTwjOtn9hQP2fBZOPEJcH8Q6D0rmU1U,https://conf.researchr.org/home/icse-2024
2024 IEEE 42nd VLSI Test Symposium (VTS),Technical Conference,In Person,22 April 2024,24 April 2024,"Tempe, Arizona, USA","['IEEE Computer Society', 'Philadelphia Section']",https://maps.googleapis.com/maps/api/staticmap?size=500x450&sensor=false&zoom=5&markers=33.4255104%2C-111.9400054&key=AIzaSyBeSTwjOtn9hQP2fBZOPEJcH8Q6D0rmU1U,https://tttc-vts.org/public_html/new/2024/
2024 IEEE 17th Pacific Visualization Conference (PacificVis),Technical Conference,In Person,23 April 2024,26 April 2024,"Tokyo, Japan",['IEEE Computer Society'],https://maps.googleapis.com/maps/api/staticmap?size=500x450&sensor=false&zoom=5&markers=35.6761919%2C139.6503106&key=AIzaSyBeSTwjOtn9hQP2fBZOPEJcH8Q6D0rmU1U,http://pvis.org/
2024 Sixth International Conference on Next Generation Data-driven Networks (NGDN),Technical Conference,Hybrid,26 April 2024,28 April 2024,"Shenyang, China (Hybrid)","['IEEE Computer Society', 'Shenyang Aerospace University']",https://maps.googleapis.com/maps/api/staticmap?size=500x450&sensor=false&zoom=5&markers=41.804778%2C123.432968&key=AIzaSyBeSTwjOtn9hQP2fBZOPEJcH8Q6D0rmU1U,http://www.ngdn.net/
2024 20th International Conference on Distributed Computing in Smart Systems and the Internet of Things (DCOSS-IoT),Technical Conference,In Person,29 April 2024,1 May 2024,"Abu Dhabi, United Arab Emirates","['IEEE Computer Society', 'University of Patras']",https://maps.googleapis.com/maps/api/staticmap?size=500x450&sensor=false&zoom=5&markers=24.453884%2C54.3773438&key=AIzaSyBeSTwjOtn9hQP2fBZOPEJcH8Q6D0rmU1U,https://www.dcoss.org/
"2024 IEEE International Conference on Mobility, Operations, Services and Technologies (MOST)",Technical Conference,In Person,1 May 2024,3 May 2024,"Dallas, Texas, USA",['IEEE Computer Society'],https://maps.googleapis.com/maps/api/staticmap?size=500x450&sensor=false&zoom=5&markers=32.7766642%2C-96.79698789999999&key=AIzaSyBeSTwjOtn9hQP2fBZOPEJcH8Q6D0rmU1U,https://ieeemobility.org/MOST2024/
2024 IEEE International Symposium on Performance Analysis of Systems and Software (ISPASS),Technical Conference,In Person,5 May 2024,7 May 2024,"Indianapolis, Indiana, USA",['IEEE Computer Society'],https://maps.googleapis.com/maps/api/staticmap?size=500x450&sensor=false&zoom=5&markers=39.768403%2C-86.158068&key=AIzaSyBeSTwjOtn9hQP2fBZOPEJcH8Q6D0rmU1U,http://ispass.org/ispass2024/
2024 IEEE International Symposium on Hardware Oriented Security and Trust (HOST),Technical Conference,In Person,6 May 2024,9 May 2024,"Tysons Corner, Virginia, USA",['IEEE Computer Society'],https://maps.googleapis.com/maps/api/staticmap?size=500x450&sensor=false&zoom=5&markers=38.9187222%2C-77.2310925&key=AIzaSyBeSTwjOtn9hQP2fBZOPEJcH8Q6D0rmU1U,http://www.hostsymposium.org/
2024 IEEE 32nd Annual International Symposium on Field-Programmable Custom Computing Machines (FCCM),Technical Conference,Hybrid,6 May 2024,9 May 2024,"Orlando, Florida, USA (Hybrid)",['IEEE Computer Society'],https://maps.googleapis.com/maps/api/staticmap?size=500x450&sensor=false&zoom=5&markers=28.5383832%2C-81.3789269&key=AIzaSyBeSTwjOtn9hQP2fBZOPEJcH8Q6D0rmU1U,https://www.fccm.org/
2024 IEEE 8th International Conference on Fog and Edge Computing (ICFEC),Technical Conference,In Person,6 May 2024,9 May 2024,"Philadelphia, Pennsylvania, USA",['IEEE Computer Society'],https://maps.googleapis.com/maps/api/staticmap?size=500x450&sensor=false&zoom=5&markers=39.9525839%2C-75.1652215&key=AIzaSyBeSTwjOtn9hQP2fBZOPEJcH8Q6D0rmU1U,https://icfec2024.ontariotechu.ca/
2024 International Conference on Intelligent Systems and Computer Vision (ISCV),Technical Conference,Hybrid,8 May 2024,10 May 2024,"Fez, Morocco (Hybrid)","['IEEE Computer Society', ""Laboratoire d'Informatique"", 'Scientific Association of Intelligent Systems (ASSI)']",https://maps.googleapis.com/maps/api/staticmap?size=500x450&sensor=false&zoom=5&markers=34.0181246%2C-5.0078451&key=AIzaSyBeSTwjOtn9hQP2fBZOPEJcH8Q6D0rmU1U,https://www.iscvconf.com/2024/
2024 IEEE 9th International Conference on Smart Cloud (SmartCloud),Technical Conference,Hybrid,10 May 2024,12 May 2024,"NYC, New York, USA (Hybrid)",['IEEE Computer Society'],https://maps.googleapis.com/maps/api/staticmap?size=500x450&sensor=false&zoom=5&markers=40.71453%2C-74.00712&key=AIzaSyBeSTwjOtn9hQP2fBZOPEJcH8Q6D0rmU1U,https://cloud-conf.net/smartcloud/2024/index.html
2024 IEEE 10th Conference on Big Data Security on Cloud (BigDataSecurity),Technical Conference,Hybrid,10 May 2024,12 May 2024,"NYC, New York, USA (Hybrid)",['IEEE Computer Society'],https://maps.googleapis.com/maps/api/staticmap?size=500x450&sensor=false&zoom=5&markers=40.71453%2C-74.00712&key=AIzaSyBeSTwjOtn9hQP2fBZOPEJcH8Q6D0rmU1U,https://www.cloud-conf.net/datasec/2024/index.html
2024 IEEE 10th IEEE International Conference on High Performance and Smart Computing (HPSC),Technical Conference,Hybrid,10 May 2024,12 May 2024,"NYC, New York, USA (Hybrid)",['IEEE Computer Society'],https://maps.googleapis.com/maps/api/staticmap?size=500x450&sensor=false&zoom=5&markers=40.71453%2C-74.00712&key=AIzaSyBeSTwjOtn9hQP2fBZOPEJcH8Q6D0rmU1U,https://www.cloud-conf.net/datasec/2024/hpsc/index.html
2024 IEEE 10th International Conference on Intelligent Data and Security (IDS),Technical Conference,Hybrid,10 May 2024,12 May 2024,"NYC, New York, USA (Hybrid)",['IEEE Computer Society'],https://maps.googleapis.com/maps/api/staticmap?size=500x450&sensor=false&zoom=5&markers=40.71453%2C-74.00712&key=AIzaSyBeSTwjOtn9hQP2fBZOPEJcH8Q6D0rmU1U,https://www.cloud-conf.net/datasec/2024/ids/index.html
"2024 IEEE 24th International Symposium on Cluster, Cloud and Internet Computing (CCGrid)",Technical Conference,In Person,13 May 2024,14 May 2024,"Philadelphia, Pennsylvania, USA",['IEEE Computer Society'],https://maps.googleapis.com/maps/api/staticmap?size=500x450&sensor=false&zoom=5&markers=39.9525839%2C-75.1652215&key=AIzaSyBeSTwjOtn9hQP2fBZOPEJcH8Q6D0rmU1U,https://cis.temple.edu/ccgrid2024/
2024 IEEE 40th International Conference on Data Engineering (ICDE),Technical Conference,In Person,13 May 2024,16 May 2024,"Utrecht, Netherlands",['IEEE Computer Society'],https://maps.googleapis.com/maps/api/staticmap?size=500x450&sensor=false&zoom=5&markers=52.09073739999999%2C5.1214201&key=AIzaSyBeSTwjOtn9hQP2fBZOPEJcH8Q6D0rmU1U,https://icde2024.github.io/
2024 IEEE/ACM Ninth International Conference on Internet-of-Things Design and Implementation (IoTDI),Technical Conference,In Person,13 May 2024,16 May 2024,"Hong Kong, Hong Kong","['IEEE Computer Society', 'Association for Computing Machinery Special Interest Group on Embedded Systems - ACM SIGBED']",https://maps.googleapis.com/maps/api/staticmap?size=500x450&sensor=false&zoom=5&markers=22.3193039%2C114.1693611&key=AIzaSyBeSTwjOtn9hQP2fBZOPEJcH8Q6D0rmU1U,https://conferences.computer.org/iotDI/2024/
2024 IEEE 30th Real-Time and Embedded Technology and Applications Symposium (RTAS),Technical Conference,In Person,13 May 2024,16 May 2024,"Hong Kong, Hong Kong",['IEEE Computer Society'],https://maps.googleapis.com/maps/api/staticmap?size=500x450&sensor=false&zoom=5&markers=22.3193039%2C114.1693611&key=AIzaSyBeSTwjOtn9hQP2fBZOPEJcH8Q6D0rmU1U,https://2024.rtas.org/
2024 ACM/IEEE 15th International Conference on Cyber-Physical Systems (ICCPS),Technical Conference,In Person,13 May 2024,16 May 2024,"Hong Kong, Hong Kong","['IEEE Computer Society', 'Association for Computing Machinery Special Interest Group on Embedded Systems - ACM SIGBED']",https://maps.googleapis.com/maps/api/staticmap?size=500x450&sensor=false&zoom=5&markers=22.3193039%2C114.1693611&key=AIzaSyBeSTwjOtn9hQP2fBZOPEJcH8Q6D0rmU1U,https://iccps.acm.org/2024/
2024 IEEE 40th International Conference on Data Engineering Workshops (ICDEW),Technical Conference,In Person,13 May 2024,16 May 2024,"Utrecht, Netherlands",['IEEE Computer Society'],https://maps.googleapis.com/maps/api/staticmap?size=500x450&sensor=false&zoom=5&markers=52.09073739999999%2C5.1214201&key=AIzaSyBeSTwjOtn9hQP2fBZOPEJcH8Q6D0rmU1U,https://icde2024.github.io/
2024 IEEE 3rd Real-Time and Intelligent Edge Computing Workshop (RAGE),Technical Conference,In Person,13 May 2024,13 May 2024,"Hong Kong, Hong Kong",['IEEE Computer Society'],https://maps.googleapis.com/maps/api/staticmap?size=500x450&sensor=false&zoom=5&markers=22.3193039%2C114.1693611&key=AIzaSyBeSTwjOtn9hQP2fBZOPEJcH8Q6D0rmU1U,https://rage-workshop.github.io/2024/
2024 IEEE International Workshop on Foundation Models for Cyber-Physical Systems & Internet of Things (FMSys),Technical Conference,Hybrid,13 May 2024,15 May 2024,"Hong Kong, Hong Kong (Hybrid)",['IEEE Computer Society'],https://maps.googleapis.com/maps/api/staticmap?size=500x450&sensor=false&zoom=5&markers=22.3193039%2C114.1693611&key=AIzaSyBeSTwjOtn9hQP2fBZOPEJcH8Q6D0rmU1U,https://fmsys24.github.io/
2024 IEEE 3rd Workshop on Machine Learning on Edge in Sensor Systems (SenSys-ML),Technical Conference,In Person,13 May 2024,16 May 2024,"Hong Kong, Hong Kong",['IEEE Computer Society'],https://maps.googleapis.com/maps/api/staticmap?size=500x450&sensor=false&zoom=5&markers=22.3193039%2C114.1693611&key=AIzaSyBeSTwjOtn9hQP2fBZOPEJcH8Q6D0rmU1U,https://sensysml.github.io/
2024 IEEE Coupling of Sensing & Computing in AIoT Systems (CSCAIoT),Technical Conference,In Person,13 May 2024,13 May 2024,"Hong Kong, Hong Kong",['IEEE Computer Society'],https://maps.googleapis.com/maps/api/staticmap?size=500x450&sensor=false&zoom=5&markers=22.3193039%2C114.1693611&key=AIzaSyBeSTwjOtn9hQP2fBZOPEJcH8Q6D0rmU1U,https://cps-iot-week2024.ie.cuhk.edu.hk/organizers.php#main
2024 IEEE Rapid Prototyping for Cyber-Physical Systems and IoT Applications with the Tock Embedded Operating System (RUSTIC),Technical Conference,In Person,13 May 2024,13 May 2024,"Hong Kong, Hong Kong",['IEEE Computer Society'],https://maps.googleapis.com/maps/api/staticmap?size=500x450&sensor=false&zoom=5&markers=22.3193039%2C114.1693611&key=AIzaSyBeSTwjOtn9hQP2fBZOPEJcH8Q6D0rmU1U,https://tockos.org/CPS-IoT-2024
2024 IEEE 4th Workshop on Data-Driven and Intelligent Cyber-Physical Systems for Smart Cities Workshop (DI-CPS),Technical Conference,Hybrid,13 May 2024,13 May 2024,"Hong Kong, Hong Kong (Hybrid)",['IEEE Computer Society'],https://maps.googleapis.com/maps/api/staticmap?size=500x450&sensor=false&zoom=5&markers=22.3193039%2C114.1693611&key=AIzaSyBeSTwjOtn9hQP2fBZOPEJcH8Q6D0rmU1U,https://di-cps.github.io/
2024 IEEE Workshop on Design Automation for CPS and IoT (DESTION),Technical Conference,Hybrid,13 May 2024,14 May 2024,"Hong Kong, Hong Kong (Hybrid)",['IEEE Computer Society'],https://maps.googleapis.com/maps/api/staticmap?size=500x450&sensor=false&zoom=5&markers=22.3193039%2C114.1693611&key=AIzaSyBeSTwjOtn9hQP2fBZOPEJcH8Q6D0rmU1U,https://cps-vo.org/group/DESTION2024
"2024 IEEE 24th International Symposium on Cluster, Cloud and Internet Computing Workshops (CCGridW)",Technical Conference,In Person,13 May 2024,16 May 2024,"Philadelphia, Pennsylvania, USA",['IEEE Computer Society'],https://maps.googleapis.com/maps/api/staticmap?size=500x450&sensor=false&zoom=5&markers=39.9525839%2C-75.1652215&key=AIzaSyBeSTwjOtn9hQP2fBZOPEJcH8Q6D0rmU1U,https://cis.temple.edu/ccgrid2024/
2024 IEEE Workshop on Crystal-Free/-Less Radio and System-Based Research for IoT (CrystalFreeIoT),Technical Conference,In Person,14 May 2024,14 May 2024,"Hong Kong, Hong Kong",['IEEE Computer Society'],https://maps.googleapis.com/maps/api/staticmap?size=500x450&sensor=false&zoom=5&markers=22.3193039%2C114.1693611&key=AIzaSyBeSTwjOtn9hQP2fBZOPEJcH8Q6D0rmU1U,http://crystalfreeiot.hkust-gz.edu.cn/
"2024 IEEE International Conference on Automation, Quality and Testing, Robotics (AQTR)",Technical Conference,In Person,16 May 2024,18 May 2024,"Cluj-Napoca, Romania","['IEEE Computer Society', 'Technical University of Cluj Napoca']",https://maps.googleapis.com/maps/api/staticmap?size=500x450&sensor=false&zoom=5&markers=46.7712101%2C23.6236353&key=AIzaSyBeSTwjOtn9hQP2fBZOPEJcH8Q6D0rmU1U,
2024 IEEE Symposium on Security and Privacy (SP),Technical Conference,In Person,19 May 2024,23 May 2024,"San Francisco, California, USA",['IEEE Computer Society'],https://maps.googleapis.com/maps/api/staticmap?size=500x450&sensor=false&zoom=5&markers=37.7749295%2C-122.4194155&key=AIzaSyBeSTwjOtn9hQP2fBZOPEJcH8Q6D0rmU1U,https://www.ieee-security.org/TC/SP2024/
2024 IEEE European Test Symposium (ETS),Technical Conference,In Person,20 May 2024,24 May 2024,"The Hague, Netherlands","['IEEE Computer Society', 'IEEE Council on Electronic Design Automation', 'Delft University of Technology']",https://maps.googleapis.com/maps/api/staticmap?size=500x450&sensor=false&zoom=5&markers=52.08409%2C4.31732&key=AIzaSyBeSTwjOtn9hQP2fBZOPEJcH8Q6D0rmU1U,https://ets24.ewi.tudelft.nl/
2024 Annual Modeling and Simulation Conference (ANNSIM),Technical Conference,In Person,20 May 2024,23 May 2024,"Washington, D.C., District of Columbia, USA","['IEEE Computer Society', 'Association for Computing Machinery - ACM', 'Society for Modeling and Simulation Int.']",https://maps.googleapis.com/maps/api/staticmap?size=500x450&sensor=false&zoom=5&markers=38.89037%2C-77.03196&key=AIzaSyBeSTwjOtn9hQP2fBZOPEJcH8Q6D0rmU1U,https://scs.org/annsim/
2024 IEEE 27th International Symposium on Real-Time Distributed Computing (ISORC),Technical Conference,Hybrid,22 May 2024,24 May 2024,"Tunis, Tunisia (Hybrid)",['IEEE Computer Society'],https://maps.googleapis.com/maps/api/staticmap?size=500x450&sensor=false&zoom=5&markers=36.8064948%2C10.1815316&key=AIzaSyBeSTwjOtn9hQP2fBZOPEJcH8Q6D0rmU1U,https://isorc.github.io/2024/
2024 IEEE Security and Privacy Workshops (SPW),Technical Conference,In Person,23 May 2024,23 May 2024,"San Francisco, California, USA",['IEEE Computer Society'],https://maps.googleapis.com/maps/api/staticmap?size=500x450&sensor=false&zoom=5&markers=37.7749295%2C-122.4194155&key=AIzaSyBeSTwjOtn9hQP2fBZOPEJcH8Q6D0rmU1U,https://www.ieee-security.org/TC/SP2024/index.html
2024 IEEE International Parallel and Distributed Processing Symposium (IPDPS),Technical Conference,In Person,27 May 2024,31 May 2024,"San Francisco, California, USA",['IEEE Computer Society'],https://maps.googleapis.com/maps/api/staticmap?size=500x450&sensor=false&zoom=5&markers=37.7749295%2C-122.4194155&key=AIzaSyBeSTwjOtn9hQP2fBZOPEJcH8Q6D0rmU1U,https://www.ipdps.org/
"2024 IEEE Conference on Software Testing, Verification and Validation (ICST)",Technical Conference,In Person,27 May 2024,31 May 2024,"Toronto, Ontario, Canada",['IEEE Computer Society'],https://maps.googleapis.com/maps/api/staticmap?size=500x450&sensor=false&zoom=5&markers=43.653226%2C-79.3831843&key=AIzaSyBeSTwjOtn9hQP2fBZOPEJcH8Q6D0rmU1U,https://conf.researchr.org/home/icst-2024
"2024 IEEE International Conference on Software Testing, Verification and Validation Workshops (ICSTW)",Technical Conference,In Person,27 May 2024,31 May 2024,"Toronto, Ontario, Canada",['IEEE Computer Society'],https://maps.googleapis.com/maps/api/staticmap?size=500x450&sensor=false&zoom=5&markers=43.653226%2C-79.3831843&key=AIzaSyBeSTwjOtn9hQP2fBZOPEJcH8Q6D0rmU1U,https://conf.researchr.org/home/icst-2024
2024 IEEE 18th International Conference on Automatic Face and Gesture Recognition (FG),Technical Conference,In Person,27 May 2024,31 May 2024,"Istanbul, Turkiye","['IEEE Biometrics Council', 'IEEE Computer Society']",https://maps.googleapis.com/maps/api/staticmap?size=500x450&sensor=false&zoom=5&markers=41.06201%2C28.98877&key=AIzaSyBeSTwjOtn9hQP2fBZOPEJcH8Q6D0rmU1U,https://fg2024.ieee-biometrics.org/
2024 IEEE International Parallel and Distributed Processing Symposium Workshops (IPDPSW),Technical Conference,In Person,27 May 2024,31 May 2024,"San Francisco, California, USA",['IEEE Computer Society'],https://maps.googleapis.com/maps/api/staticmap?size=500x450&sensor=false&zoom=5&markers=37.7749295%2C-122.4194155&key=AIzaSyBeSTwjOtn9hQP2fBZOPEJcH8Q6D0rmU1U,https://www.ipdps.org/
2024 IEEE 54th International Symposium on Multiple-Valued Logic (ISMVL),Technical Conference,Hybrid,28 May 2024,30 May 2024,"Brno, Czech Republic (Hybrid)",['IEEE Computer Society'],https://maps.googleapis.com/maps/api/staticmap?size=500x450&sensor=false&zoom=5&markers=49.1950602%2C16.6068371&key=AIzaSyBeSTwjOtn9hQP2fBZOPEJcH8Q6D0rmU1U,http://www.mvl.jpn.org/ISMVL2024/
2024 IEEE 12th International Conference on Healthcare Informatics (ICHI),Technical Conference,In Person,3 June 2024,6 June 2024,"Orlando, Florida, USA","['IEEE Computer Society', 'Institute for Healthcare Informatics']",https://maps.googleapis.com/maps/api/staticmap?size=500x450&sensor=false&zoom=5&markers=28.5383832%2C-81.3789269&key=AIzaSyBeSTwjOtn9hQP2fBZOPEJcH8Q6D0rmU1U,https://ieeeichi2024.github.io/
2024 IEEE 21st International Conference on Software Architecture (ICSA),Technical Conference,In Person,4 June 2024,8 June 2024,"Hyderabad, India",['IEEE Computer Society'],https://maps.googleapis.com/maps/api/staticmap?size=500x450&sensor=false&zoom=5&markers=17.385044%2C78.486671&key=AIzaSyBeSTwjOtn9hQP2fBZOPEJcH8Q6D0rmU1U,https://icsa-conferences.org/series/
"2024 IEEE 25th International Symposium on a World of Wireless, Mobile and Multimedia Networks (WoWMoM)",Technical Conference,In Person,4 June 2024,7 June 2024,"Perth, Australia","['IEEE Computer Society', 'Missouri University of Science & Technology']",https://maps.googleapis.com/maps/api/staticmap?size=500x450&sensor=false&zoom=5&markers=-31.9523123%2C115.861309&key=AIzaSyBeSTwjOtn9hQP2fBZOPEJcH8Q6D0rmU1U,https://www.cse.unsw.edu.au/~wowmom/2024/
2024 IEEE 21st International Conference on Software Architecture Companion (ICSA-C),Technical Conference,In Person,4 June 2024,8 June 2024,"Hyderabad, India",['IEEE Computer Society'],https://maps.googleapis.com/maps/api/staticmap?size=500x450&sensor=false&zoom=5&markers=17.385044%2C78.486671&key=AIzaSyBeSTwjOtn9hQP2fBZOPEJcH8Q6D0rmU1U,https://icsa-conferences.org/series/
2024 IEEE/ACIS 24th International Conference on Computer and Information Science (ICIS),Technical Conference,In Person,7 June 2024,9 June 2024,"Shanghai, China","['IEEE Computer Society', 'International Association for Computer & Information Science - ACIS']",https://maps.googleapis.com/maps/api/staticmap?size=500x450&sensor=false&zoom=5&markers=31.230416%2C121.473701&key=AIzaSyBeSTwjOtn9hQP2fBZOPEJcH8Q6D0rmU1U,https://acisinternational.org/conferences/icis-2024/
2024 IEEE 31st Symposium on Computer Arithmetic (ARITH),Technical Conference,In Person,10 June 2024,12 June 2024,"Malaga, Spain",['IEEE Computer Society'],https://maps.googleapis.com/maps/api/staticmap?size=500x450&sensor=false&zoom=5&markers=36.7211784%2C-4.421719899999999&key=AIzaSyBeSTwjOtn9hQP2fBZOPEJcH8Q6D0rmU1U,https://arith2024.arithsymposium.org/
2024 IEEE/CVF Conference on Computer Vision and Pattern Recognition (CVPR),Technical Conference,In Person,16 June 2024,22 June 2024,"Seattle, Washington, USA","['IEEE Computer Society', 'Computer Vision Foundation - CVF']",https://maps.googleapis.com/maps/api/staticmap?size=500x450&sensor=false&zoom=5&markers=47.6062095%2C-122.3320708&key=AIzaSyBeSTwjOtn9hQP2fBZOPEJcH8Q6D0rmU1U,https://cvpr.thecvf.com/
2024 Silicon Valley Cybersecurity Conference (SVCC),Technical Conference,In Person,17 June 2024,19 June 2024,"Seoul, Korea (South)","['IEEE Computer Society', 'Silicon Valley Cybersecurity Institute']",https://maps.googleapis.com/maps/api/staticmap?size=500x450&sensor=false&zoom=5&markers=37.55886%2C126.99989&key=AIzaSyBeSTwjOtn9hQP2fBZOPEJcH8Q6D0rmU1U,https://www.svcc-svcsi.org/
2024 IEEE/CVF Conference on Computer Vision and Pattern Recognition Workshops (CVPRW),Technical Conference,Hybrid,17 June 2024,18 June 2024,"Seattle, Washington, USA (Hybrid)","['IEEE Computer Society', 'Computer Vision Foundation - CVF']",https://maps.googleapis.com/maps/api/staticmap?size=500x450&sensor=false&zoom=5&markers=47.6062095%2C-122.3320708&key=AIzaSyBeSTwjOtn9hQP2fBZOPEJcH8Q6D0rmU1U,https://cvpr.thecvf.com/
"2024 IEEE/ACM Conference on Connected Health: Applications, Systems and Engineering Technologies (CHASE)",Technical Conference,In Person,19 June 2024,21 June 2024,"Wilmington, Delaware, USA","['IEEE Computer Society', 'Association for Computing Machinery - ACM']",https://maps.googleapis.com/maps/api/staticmap?size=500x450&sensor=false&zoom=5&markers=39.744655%2C-75.5483909&key=AIzaSyBeSTwjOtn9hQP2fBZOPEJcH8Q6D0rmU1U,https://conferences.computer.org/chase2024/
2024 International Conference on Meta Computing (ICMC),Technical Conference,In Person,20 June 2024,23 June 2024,"Qingdao, China","['IEEE Computer Society', 'Shandong University']",https://maps.googleapis.com/maps/api/staticmap?size=500x450&sensor=false&zoom=5&markers=36.0662299%2C120.38299&key=AIzaSyBeSTwjOtn9hQP2fBZOPEJcH8Q6D0rmU1U,http://meta-computing.info/index.html
2024 54th Annual IEEE/IFIP International Conference on Dependable Systems and Networks (DSN),Technical Conference,In Person,23 June 2024,27 June 2024,"Brisbane, Australia","['IEEE Computer Society', 'IFIP WG 10.4']",https://maps.googleapis.com/maps/api/staticmap?size=500x450&sensor=false&zoom=5&markers=-27.4704528%2C153.0260341&key=AIzaSyBeSTwjOtn9hQP2fBZOPEJcH8Q6D0rmU1U,https://dsn.org/
2024 54th Annual IEEE/IFIP International Conference on Dependable Systems and Networks Workshops (DSN-W),Technical Conference,In Person,23 June 2024,27 June 2024,"Brisbane, Australia","['IEEE Computer Society', 'IFIP WG 10.4']",https://maps.googleapis.com/maps/api/staticmap?size=500x450&sensor=false&zoom=5&markers=-27.4704528%2C153.0260341&key=AIzaSyBeSTwjOtn9hQP2fBZOPEJcH8Q6D0rmU1U,https://dsn.org/
2024 54th Annual IEEE/IFIP International Conference on Dependable Systems and Networks - Supplemental Volume (DSN-S),Technical Conference,In Person,23 June 2024,27 June 2024,"Brisbane, Australia","['IEEE Computer Society', 'IFIP WG 10.4']",https://maps.googleapis.com/maps/api/staticmap?size=500x450&sensor=false&zoom=5&markers=-27.4704528%2C153.0260341&key=AIzaSyBeSTwjOtn9hQP2fBZOPEJcH8Q6D0rmU1U,https://dsn.org/
2024 IEEE 32nd International Requirements Engineering Conference (RE),Technical Conference,In Person,24 June 2024,28 June 2024,"Reykjavik, Iceland","['IEEE Computer Society', 'Reykjavik University']",https://maps.googleapis.com/maps/api/staticmap?size=500x450&sensor=false&zoom=5&markers=64.1469868%2C-21.9407552&key=AIzaSyBeSTwjOtn9hQP2fBZOPEJcH8Q6D0rmU1U,https://conf.researchr.org/home/RE-2024
2024 25th IEEE International Conference on Mobile Data Management (MDM),Technical Conference,In Person,24 June 2024,27 June 2024,"Brussels, Belgium",['IEEE Computer Society'],https://maps.googleapis.com/maps/api/staticmap?size=500x450&sensor=false&zoom=5&markers=50.84439%2C4.35609&key=AIzaSyBeSTwjOtn9hQP2fBZOPEJcH8Q6D0rmU1U,https://mdmconferences.org/
2024 IEEE 32nd International Requirements Engineering Conference Workshops (REW),Technical Conference,In Person,24 June 2024,25 June 2024,"Reykjavik, Iceland","['IEEE Computer Society', 'Reykjavik University']",https://maps.googleapis.com/maps/api/staticmap?size=500x450&sensor=false&zoom=5&markers=64.1469868%2C-21.9407552&key=AIzaSyBeSTwjOtn9hQP2fBZOPEJcH8Q6D0rmU1U,https://conf.researchr.org/home/RE-2024
2024 Tenth International Conference on eDemocracy & eGovernment (ICEDEG),Technical Conference,Hybrid,24 June 2024,26 June 2024,"Lucerne, Switzerland (Hybrid)","['IEEE Computer Society', 'Lucerne University of Applied Sciences and Arts', 'Region 09 - Latin America']",https://maps.googleapis.com/maps/api/staticmap?size=500x450&sensor=false&zoom=5&markers=47.04954%2C8.30437&key=AIzaSyBeSTwjOtn9hQP2fBZOPEJcH8Q6D0rmU1U,https://edem-egov.org/
2024 IEEE Conference on Artificial Intelligence (CAI),Technical Conference,In Person,25 June 2024,27 June 2024,"Singapore, Singapore","['IEEE Computer Society', 'IEEE Computational Intelligence Society', 'IEEE Systems', 'IEEE Signal Processing Society']",https://maps.googleapis.com/maps/api/staticmap?size=500x450&sensor=false&zoom=5&markers=1.352083%2C103.819836&key=AIzaSyBeSTwjOtn9hQP2fBZOPEJcH8Q6D0rmU1U,https://ieeecai.org/2024/
2024 IEEE 37th International Symposium on Computer-Based Medical Systems (CBMS),Technical Conference,In Person,26 June 2024,28 June 2024,"Guadalajara, Mexico",['IEEE Computer Society'],https://maps.googleapis.com/maps/api/staticmap?size=500x450&sensor=false&zoom=5&markers=20.68758%2C-103.35104&key=AIzaSyBeSTwjOtn9hQP2fBZOPEJcH8Q6D0rmU1U,http://2024.cbms-conference.org/
2024 IEEE Symposium on Computers and Communications (ISCC),Technical Conference,In Person,26 June 2024,29 June 2024,"Paris, France","['IEEE Computer Society', 'France Section COM Chapter', 'IEEE Communications Society', 'Region 08 - Europe', 'France Section']",https://maps.googleapis.com/maps/api/staticmap?size=500x450&sensor=false&zoom=5&markers=48.856614%2C2.3522219&key=AIzaSyBeSTwjOtn9hQP2fBZOPEJcH8Q6D0rmU1U,https://ieee-iscc.org/
2024 IEEE Cloud Summit,Technical Conference,In Person,27 June 2024,28 June 2024,"Washington, District of Columbia, USA",['IEEE Computer Society'],https://maps.googleapis.com/maps/api/staticmap?size=500x450&sensor=false&zoom=5&markers=38.9071923%2C-77.0368707&key=AIzaSyBeSTwjOtn9hQP2fBZOPEJcH8Q6D0rmU1U,https://www.ieeecloudsummit.org/
2024 IEEE 11th International Conference on Cyber Security and Cloud Computing (CSCloud),Technical Conference,Hybrid,28 June 2024,30 June 2024,"Shanghai, China (Hybrid)",['IEEE Computer Society'],https://maps.googleapis.com/maps/api/staticmap?size=500x450&sensor=false&zoom=5&markers=31.230416%2C121.473701&key=AIzaSyBeSTwjOtn9hQP2fBZOPEJcH8Q6D0rmU1U,
2024 IEEE 10th International Conference on Edge Computing and Scalable Cloud (EdgeCom),Technical Conference,Hybrid,28 June 2024,30 June 2024,"Shanghai, China (Hybrid)",['IEEE Computer Society'],https://maps.googleapis.com/maps/api/staticmap?size=500x450&sensor=false&zoom=5&markers=31.230416%2C121.473701&key=AIzaSyBeSTwjOtn9hQP2fBZOPEJcH8Q6D0rmU1U,
2024 ACM/IEEE 51st Annual International Symposium on Computer Architecture (ISCA),Technical Conference,In Person,29 June 2024,3 July 2024,"Buenos Aires, Argentina","['IEEE Computer Society', 'Association for Computing Machinery Special Interest Group on Computer Architecture - ACM SIGARCH']",https://maps.googleapis.com/maps/api/staticmap?size=500x450&sensor=false&zoom=5&markers=-34.6036844%2C-58.3815591&key=AIzaSyBeSTwjOtn9hQP2fBZOPEJcH8Q6D0rmU1U,https://iscaconf.org/isca2024/
2024 IEEE International Conference on Smart Computing (SMARTCOMP),Technical Conference,In Person,29 June 2024,2 July 2024,"Osaka, Japan","['IEEE Computer Society', 'Missouri University of Science & Technology']",https://maps.googleapis.com/maps/api/staticmap?size=500x450&sensor=false&zoom=5&markers=34.6937249%2C135.5022535&key=AIzaSyBeSTwjOtn9hQP2fBZOPEJcH8Q6D0rmU1U,https://smartcomp.w.waseda.jp/
2024 IEEE International Conference on Advanced Learning Technologies (ICALT),Technical Conference,Hybrid,1 July 2024,4 July 2024,"Nicosia, North Cyprus, Cyprus (Hybrid)",['IEEE Computer Society'],https://maps.googleapis.com/maps/api/staticmap?size=500x450&sensor=false&zoom=5&markers=35.17197%2C33.36489&key=AIzaSyBeSTwjOtn9hQP2fBZOPEJcH8Q6D0rmU1U,https://tc.computer.org/tclt/icalt-2024/
2024 IEEE Computer Society Annual Symposium on VLSI (ISVLSI),Technical Conference,In Person,1 July 2024,3 July 2024,"Knoxville, Tennessee, USA","['IEEE Computer Society', 'IEEE Circuits and Systems Society']",https://maps.googleapis.com/maps/api/staticmap?size=500x450&sensor=false&zoom=5&markers=35.96068%2C-83.92103&key=AIzaSyBeSTwjOtn9hQP2fBZOPEJcH8Q6D0rmU1U,https://www.ieee-isvlsi.org/
"2024 IEEE 48th Annual Computers, Software, and Applications Conference (COMPSAC)",Technical Conference,In Person,2 July 2024,4 July 2024,"Osaka, Japan",['IEEE Computer Society'],https://maps.googleapis.com/maps/api/staticmap?size=500x450&sensor=false&zoom=5&markers=34.6937249%2C135.5022535&key=AIzaSyBeSTwjOtn9hQP2fBZOPEJcH8Q6D0rmU1U,https://www.compsac.org/
2024 IEEE 30th International Symposium on On-Line Testing and Robust System Design (IOLTS),Technical Conference,In Person,3 July 2024,5 July 2024,"Rennes, France","['IEEE Computer Society', 'IEEE Council on Electronic Design Automation']",https://maps.googleapis.com/maps/api/staticmap?size=500x450&sensor=false&zoom=5&markers=48.117266%2C-1.6777926&key=AIzaSyBeSTwjOtn9hQP2fBZOPEJcH8Q6D0rmU1U,http://iolts.tttc-events.org/
2024 IEEE World Congress on Services (SERVICES),Technical Conference,In Person,7 July 2024,13 July 2024,"Shenzhen, China",['IEEE Computer Society'],https://maps.googleapis.com/maps/api/staticmap?size=500x450&sensor=false&zoom=5&markers=22.5428599%2C114.05956&key=AIzaSyBeSTwjOtn9hQP2fBZOPEJcH8Q6D0rmU1U,https://conferences.computer.org/services/2024/
2024 IEEE 17th International Conference on Cloud Computing (CLOUD),Technical Conference,In Person,7 July 2024,13 July 2024,"Shenzhen, China",['IEEE Computer Society'],https://maps.googleapis.com/maps/api/staticmap?size=500x450&sensor=false&zoom=5&markers=22.5428599%2C114.05956&key=AIzaSyBeSTwjOtn9hQP2fBZOPEJcH8Q6D0rmU1U,https://cloud.conferences.computer.org/2024/
2024 IEEE International Conference on Edge Computing and Communications (EDGE),Technical Conference,In Person,7 July 2024,13 July 2024,"Shenzhen, China",['IEEE Computer Society'],https://maps.googleapis.com/maps/api/staticmap?size=500x450&sensor=false&zoom=5&markers=22.5428599%2C114.05956&key=AIzaSyBeSTwjOtn9hQP2fBZOPEJcH8Q6D0rmU1U,https://edge.conferences.computer.org/2024/
2024 IEEE International Conference on Digital Health (ICDH),Technical Conference,In Person,7 July 2024,13 July 2024,"Shenzhen, China",['IEEE Computer Society'],https://maps.googleapis.com/maps/api/staticmap?size=500x450&sensor=false&zoom=5&markers=22.5428599%2C114.05956&key=AIzaSyBeSTwjOtn9hQP2fBZOPEJcH8Q6D0rmU1U,https://icdh.conferences.computer.org/2024/
2024 IEEE International Conference on Web Services (ICWS),Technical Conference,In Person,7 July 2024,13 July 2024,"Shenzhen, China",['IEEE Computer Society'],https://maps.googleapis.com/maps/api/staticmap?size=500x450&sensor=false&zoom=5&markers=22.5428599%2C114.05956&key=AIzaSyBeSTwjOtn9hQP2fBZOPEJcH8Q6D0rmU1U,https://icws.conferences.computer.org/2024/
2024 IEEE International Conference on Quantum Software (QSW),Technical Conference,In Person,7 July 2024,13 July 2024,"Shenzhen, China",['IEEE Computer Society'],https://maps.googleapis.com/maps/api/staticmap?size=500x450&sensor=false&zoom=5&markers=22.5428599%2C114.05956&key=AIzaSyBeSTwjOtn9hQP2fBZOPEJcH8Q6D0rmU1U,https://qsw.conferences.computer.org/2024/
2024 IEEE International Conference on Software Services Engineering (SSE),Technical Conference,In Person,7 July 2024,13 July 2024,"Shenzhen, China",['IEEE Computer Society'],https://maps.googleapis.com/maps/api/staticmap?size=500x450&sensor=false&zoom=5&markers=22.5428599%2C114.05956&key=AIzaSyBeSTwjOtn9hQP2fBZOPEJcH8Q6D0rmU1U,https://sse.conferences.computer.org/2024/
2024 IEEE 9th European Symposium on Security and Privacy (EuroS&P),Technical Conference,In Person,8 July 2024,12 July 2024,"Vienna, Austria",['IEEE Computer Society'],https://maps.googleapis.com/maps/api/staticmap?size=500x450&sensor=false&zoom=5&markers=48.2081743%2C16.3738189&key=AIzaSyBeSTwjOtn9hQP2fBZOPEJcH8Q6D0rmU1U,https://eurosp2024.ieee-security.org/
2024 IEEE European Symposium on Security and Privacy Workshops (EuroS&PW),Technical Conference,In Person,8 July 2024,12 July 2024,"Vienna, Austria",['IEEE Computer Society'],https://maps.googleapis.com/maps/api/staticmap?size=500x450&sensor=false&zoom=5&markers=48.2081743%2C16.3738189&key=AIzaSyBeSTwjOtn9hQP2fBZOPEJcH8Q6D0rmU1U,https://eurosp2024.ieee-security.org/workshops.html
2024 IEEE 37th Computer Security Foundations Symposium (CSF),Technical Conference,In Person,8 July 2024,12 July 2024,"Enschede, Netherlands",['IEEE Computer Society'],https://maps.googleapis.com/maps/api/staticmap?size=500x450&sensor=false&zoom=5&markers=52.2215372%2C6.8936619&key=AIzaSyBeSTwjOtn9hQP2fBZOPEJcH8Q6D0rmU1U,https://csf2024.ieee-security.org/
2024 IEEE International Conference on Multimedia and Expo (ICME),Technical Conference,In Person,15 July 2024,19 July 2024,"Niagara Falls, Ontario, Canada","['IEEE Computer Society', 'IEEE Circuits and Systems Society', 'IEEE Communications Society', 'IEEE Signal Processing Society']",https://maps.googleapis.com/maps/api/staticmap?size=500x450&sensor=false&zoom=5&markers=43.0895577%2C-79.0849436&key=AIzaSyBeSTwjOtn9hQP2fBZOPEJcH8Q6D0rmU1U,https://2024.ieeeicme.org/
2024 IEEE 10th International Conference on Space Mission Challenges for Information Technology (SMC-IT),Technical Conference,In Person,15 July 2024,19 July 2024,"Mountain View, California, USA",['IEEE Computer Society'],https://maps.googleapis.com/maps/api/staticmap?size=500x450&sensor=false&zoom=5&markers=37.38971%2C-122.08157&key=AIzaSyBeSTwjOtn9hQP2fBZOPEJcH8Q6D0rmU1U,https://smcit-scc.space/
2024 IEEE Space Computing Conference (SCC),Technical Conference,In Person,15 July 2024,19 July 2024,"Mountain View, California, USA",['IEEE Computer Society'],https://maps.googleapis.com/maps/api/staticmap?size=500x450&sensor=false&zoom=5&markers=37.38971%2C-122.08157&key=AIzaSyBeSTwjOtn9hQP2fBZOPEJcH8Q6D0rmU1U,https://smcit-scc.space/
2024 IEEE International Conference on Decentralized Applications and Infrastructures (DAPPS),Technical Conference,In Person,15 July 2024,18 July 2024,"Shanghai, China",['IEEE Computer Society'],https://maps.googleapis.com/maps/api/staticmap?size=500x450&sensor=false&zoom=5&markers=31.230416%2C121.473701&key=AIzaSyBeSTwjOtn9hQP2fBZOPEJcH8Q6D0rmU1U,http://ieeedapps.com/
2024 IEEE International Congress On Intelligent and Service-Oriented Systems Engineering (CISOSE),Technical Conference,In Person,15 July 2024,18 July 2024,"Shanghai, China",['IEEE Computer Society'],https://maps.googleapis.com/maps/api/staticmap?size=500x450&sensor=false&zoom=5&markers=31.230416%2C121.473701&key=AIzaSyBeSTwjOtn9hQP2fBZOPEJcH8Q6D0rmU1U,https://ieee-cisose-congress.org/
2024 IEEE Intelligent Mobile Computing (MobileCloud),Technical Conference,In Person,15 July 2024,18 July 2024,"Shanghai, China",['IEEE Computer Society'],https://maps.googleapis.com/maps/api/staticmap?size=500x450&sensor=false&zoom=5&markers=31.230416%2C121.473701&key=AIzaSyBeSTwjOtn9hQP2fBZOPEJcH8Q6D0rmU1U,https://ieee-cisose-congress.org/
2024 IEEE International Conference on Joint Cloud Computing (JCC),Technical Conference,Hybrid,15 July 2024,18 July 2024,"Shanghai, China (Hybrid)",['IEEE Computer Society'],https://maps.googleapis.com/maps/api/staticmap?size=500x450&sensor=false&zoom=5&markers=31.230416%2C121.473701&key=AIzaSyBeSTwjOtn9hQP2fBZOPEJcH8Q6D0rmU1U,http://ieeejcc.org/
2024 IEEE International Conference on Service-Oriented System Engineering (SOSE),Technical Conference,In Person,15 July 2024,18 July 2024,"Shanghai, China",['IEEE Computer Society'],https://maps.googleapis.com/maps/api/staticmap?size=500x450&sensor=false&zoom=5&markers=31.230416%2C121.473701&key=AIzaSyBeSTwjOtn9hQP2fBZOPEJcH8Q6D0rmU1U,https://ieeesose.com/
2024 IEEE International Conference on Artificial Intelligence Testing (AITest),Technical Conference,In Person,15 July 2024,18 July 2024,"Shanghai, China",['IEEE Computer Society'],https://maps.googleapis.com/maps/api/staticmap?size=500x450&sensor=false&zoom=5&markers=31.230416%2C121.473701&key=AIzaSyBeSTwjOtn9hQP2fBZOPEJcH8Q6D0rmU1U,https://ieeeaitest.com/
2024 IEEE 10th International Conference on Big Data Computing Service and Machine Learning Applications (BigDataService),Technical Conference,In Person,15 July 2024,18 July 2024,"Shanghai, China",['IEEE Computer Society'],https://maps.googleapis.com/maps/api/staticmap?size=500x450&sensor=false&zoom=5&markers=31.230416%2C121.473701&key=AIzaSyBeSTwjOtn9hQP2fBZOPEJcH8Q6D0rmU1U,https://ieeebigdataservice.com/
"2024 IEEE/ACIS 9th International Conference on Big Data, Cloud Computing, and Data Science (BCD)",Technical Conference,In Person,16 July 2024,18 July 2024,"Kitakyushu, Japan","['IEEE Computer Society', 'International Association for Computer & Information Science - ACIS']",https://maps.googleapis.com/maps/api/staticmap?size=500x450&sensor=false&zoom=5&markers=33.8834976%2C130.8751773&key=AIzaSyBeSTwjOtn9hQP2fBZOPEJcH8Q6D0rmU1U,https://acisinternational.org/conferences/bcd-2024/
2024 IEEE International Conference on Computational Photography (ICCP),Technical Conference,Hybrid,22 July 2024,24 July 2024,"Lausanne, Switzerland (Hybrid)",['IEEE Computer Society'],https://maps.googleapis.com/maps/api/staticmap?size=500x450&sensor=false&zoom=5&markers=46.5196535%2C6.6322734&key=AIzaSyBeSTwjOtn9hQP2fBZOPEJcH8Q6D0rmU1U,https://iccp2024.iccp-conference.org/
2024 IEEE 44th International Conference on Distributed Computing Systems (ICDCS),Technical Conference,In Person,23 July 2024,26 July 2024,"Jersey City, New Jersey, USA",['IEEE Computer Society'],https://maps.googleapis.com/maps/api/staticmap?size=500x450&sensor=false&zoom=5&markers=40.71748%2C-74.04385&key=AIzaSyBeSTwjOtn9hQP2fBZOPEJcH8Q6D0rmU1U,https://icdcs2024.icdcs.org/
2024 IEEE 44th International Conference on Distributed Computing Systems Workshops (ICDCSW),Technical Conference,In Person,23 July 2024,23 July 2024,"Jersey City, New Jersey, USA",['IEEE Computer Society'],https://maps.googleapis.com/maps/api/staticmap?size=500x450&sensor=false&zoom=5&markers=40.71748%2C-74.04385&key=AIzaSyBeSTwjOtn9hQP2fBZOPEJcH8Q6D0rmU1U,https://icdcs2024.icdcs.org/
"2024 IEEE 35th International Conference on Application-specific Systems, Architectures and Processors (ASAP)",Technical Conference,In Person,24 July 2024,26 July 2024,"Hong Kong, Hong Kong",['IEEE Computer Society'],https://maps.googleapis.com/maps/api/staticmap?size=500x450&sensor=false&zoom=5&markers=22.3193039%2C114.1693611&key=AIzaSyBeSTwjOtn9hQP2fBZOPEJcH8Q6D0rmU1U,http://asap2024.org/
2024 IEEE International Conference on Omni-layer Intelligent Systems (COINS),Technical Conference,Hybrid,29 July 2024,31 July 2024,"London, United Kingdom (Hybrid)","['IEEE Computer Society', 'IEEE Council on Electronic Design Automation', 'United Kingdom & Ireland Section CIS Chapter', 'United Kingdom & Ireland Section RA Chapter', 'Pirouzan Silicon Intelligence Center - PISI Center', 'Region 08 - Europe', 'United Kingdom & Ireland Section', 'IEEE Robotics and Automation Society', 'United Kingdom & Ireland Section WIE Affinity Group']",https://maps.googleapis.com/maps/api/staticmap?size=500x450&sensor=false&zoom=5&markers=51.5072178%2C-0.1275862&key=AIzaSyBeSTwjOtn9hQP2fBZOPEJcH8Q6D0rmU1U,https://coinsconf.com/
2024 IEEE International Conference on Information Reuse and Integration for Data Science (IRI),Technical Conference,In Person,7 August 2024,9 August 2024,"San Jose, California, USA",['IEEE Computer Society'],https://maps.googleapis.com/maps/api/staticmap?size=500x450&sensor=false&zoom=5&markers=37.33874%2C-121.8852525&key=AIzaSyBeSTwjOtn9hQP2fBZOPEJcH8Q6D0rmU1U,https://homepages.uc.edu/~niunn/IRI24/
2024 IEEE 7th International Conference on Multimedia Information Processing and Retrieval (MIPR),Technical Conference,In Person,7 August 2024,9 August 2024,"San Jose, California, USA",['IEEE Computer Society'],https://maps.googleapis.com/maps/api/staticmap?size=500x450&sensor=false&zoom=5&markers=37.33874%2C-121.8852525&key=AIzaSyBeSTwjOtn9hQP2fBZOPEJcH8Q6D0rmU1U,https://sites.google.com/view/mipr2024
"2024 7th International Conference on Education, Network and Information Technology (ICENIT)",Technical Conference,Hybrid,16 August 2024,18 August 2024,"Dalian, China (Hybrid)","['IEEE Computer Society', 'University of Haute Alsace', 'Wuhan Institute of Technology']",https://maps.googleapis.com/maps/api/staticmap?size=500x450&sensor=false&zoom=5&markers=38.9139899%2C121.6147&key=AIzaSyBeSTwjOtn9hQP2fBZOPEJcH8Q6D0rmU1U,http://www.icenit.org/
2024 International Conference on Advances in Electrical Engineering and Computer Applications (AEECA),Technical Conference,Hybrid,16 August 2024,18 August 2024,"Dalian, China (Hybrid)","['IEEE Computer Society', 'Beijing University of Technology', 'University of Haute Alsace', 'Zhengzhou University']",https://maps.googleapis.com/maps/api/staticmap?size=500x450&sensor=false&zoom=5&markers=38.9139899%2C121.6147&key=AIzaSyBeSTwjOtn9hQP2fBZOPEJcH8Q6D0rmU1U,http://www.aeeca.com/
2024 IEEE International Conference on Blockchain (Blockchain),Technical Conference,In Person,19 August 2024,22 August 2024,"Copenhagen, Denmark",['IEEE Computer Society'],https://maps.googleapis.com/maps/api/staticmap?size=500x450&sensor=false&zoom=5&markers=55.6760968%2C12.5683371&key=AIzaSyBeSTwjOtn9hQP2fBZOPEJcH8Q6D0rmU1U,https://ieee-cybermatics.org/2024/blockchain/
"2024 IEEE International Conferences on Internet of Things (iThings) and IEEE Green Computing & Communications (GreenCom) and IEEE Cyber, Physical & Social Computing (CPSCom) and IEEE Smart Data (SmartData) and IEEE Congress on Cybermatics (Cybermatics)",Technical Conference,In Person,19 August 2024,22 August 2024,"Copenhagen, Denmark",['IEEE Computer Society'],https://maps.googleapis.com/maps/api/staticmap?size=500x450&sensor=false&zoom=5&markers=55.6760968%2C12.5683371&key=AIzaSyBeSTwjOtn9hQP2fBZOPEJcH8Q6D0rmU1U,https://ieee-cybermatics.org/2024/
2024 IEEE 30th International Conference on Embedded and Real-Time Computing Systems and Applications (RTCSA),Technical Conference,In Person,21 August 2024,23 August 2024,"Sokcho, Korea (South)",['IEEE Computer Society'],https://maps.googleapis.com/maps/api/staticmap?size=500x450&sensor=false&zoom=5&markers=38.18474%2C128.58143&key=AIzaSyBeSTwjOtn9hQP2fBZOPEJcH8Q6D0rmU1U,https://rtcsa2024.github.io/
2024 IEEE Symposium on High-Performance Interconnects (HOTI),Technical Conference,Virtual,21 August 2024,23 August 2024,Virtual,['IEEE Computer Society'],,https://hoti.org/
2024 IEEE Hot Chips 36 Symposium (HCS),Technical Conference,Hybrid,25 August 2024,27 August 2024,"Stanford, California, USA (Hybrid)",['IEEE Computer Society'],https://maps.googleapis.com/maps/api/staticmap?size=500x450&sensor=false&zoom=5&markers=37.43137%2C-122.16892&key=AIzaSyBeSTwjOtn9hQP2fBZOPEJcH8Q6D0rmU1U,https://www.hotchips.org/
2024 IEEE SustainTech Expo: Technology Solutions for a Sustainable Future (SustainTech),Technical Conference,In Person,27 August 2024,28 August 2024,"San Diego, California, USA","['IEEE Computer Society', 'IEEE Communications Society', 'IEEE Power & Energy Society', 'IEEE Signal Processing Society']",https://maps.googleapis.com/maps/api/staticmap?size=500x450&sensor=false&zoom=5&markers=32.715738%2C-117.1610838&key=AIzaSyBeSTwjOtn9hQP2fBZOPEJcH8Q6D0rmU1U,https://ieeesustaintechexpo.org/
"2024 21st Annual International Conference on Privacy, Security and Trust (PST)",Technical Conference,In Person,28 August 2024,30 August 2024,"Sydney, Australia","['IEEE Computer Society', 'Canadian Institute for Cybersecurity', 'University of New South Wales - UNSW']",https://maps.googleapis.com/maps/api/staticmap?size=500x450&sensor=false&zoom=5&markers=-33.8688197%2C151.2092955&key=AIzaSyBeSTwjOtn9hQP2fBZOPEJcH8Q6D0rmU1U,https://pstnet.ca/
2024 IEEE Symposium on Visual Languages and Human-Centric Computing (VL/HCC),Technical Conference,In Person,2 September 2024,6 September 2024,"Liverpool, United Kingdom",['IEEE Computer Society'],https://maps.googleapis.com/maps/api/staticmap?size=500x450&sensor=false&zoom=5&markers=53.4083714%2C-2.9915726&key=AIzaSyBeSTwjOtn9hQP2fBZOPEJcH8Q6D0rmU1U,https://conf.researchr.org/home/vlhcc-2024
2024 IEEE International Conference on Quantum Computing and Engineering (QCE),Technical Conference,Hybrid,15 September 2024,20 September 2024,"Montreal, Quebec, Canada (Hybrid)","['IEEE Computer Society', 'IEEE Communications Society', 'IEEE Council of Superconductivity', 'IEEE Photonics Society']",https://maps.googleapis.com/maps/api/staticmap?size=500x450&sensor=false&zoom=5&markers=45.5018869%2C-73.56739189999999&key=AIzaSyBeSTwjOtn9hQP2fBZOPEJcH8Q6D0rmU1U,https://qce.quantum.ieee.org/2024/
2024 IEEE International Symposium on Workload Characterization (IISWC),Technical Conference,In Person,15 September 2024,17 September 2024,"Vancouver, British Columbia, Canada",['IEEE Computer Society'],https://maps.googleapis.com/maps/api/staticmap?size=500x450&sensor=false&zoom=5&markers=49.2827291%2C-123.1207375&key=AIzaSyBeSTwjOtn9hQP2fBZOPEJcH8Q6D0rmU1U,https://iiswc.org/
2024 IEEE International Conference on Autonomic Computing and Self-Organizing Systems (ACSOS),Technical Conference,In Person,16 September 2024,20 September 2024,"Aarhus, Denmark",['IEEE Computer Society'],https://maps.googleapis.com/maps/api/staticmap?size=500x450&sensor=false&zoom=5&markers=56.15302%2C10.20486&key=AIzaSyBeSTwjOtn9hQP2fBZOPEJcH8Q6D0rmU1U,https://2024.acsos.org/
2024 IEEE 20th International Conference on e-Science (e-Science),Technical Conference,In Person,16 September 2024,20 September 2024,"Osaka, Japan",['IEEE Computer Society'],https://maps.googleapis.com/maps/api/staticmap?size=500x450&sensor=false&zoom=5&markers=34.6937249%2C135.5022535&key=AIzaSyBeSTwjOtn9hQP2fBZOPEJcH8Q6D0rmU1U,https://www.escience-conference.org/2024/
2024 IEEE International Conference on Autonomic Computing and Self-Organizing Systems Companion (ACSOS-C),Technical Conference,In Person,16 September 2024,20 September 2024,"Aarhus, Denmark",['IEEE Computer Society'],https://maps.googleapis.com/maps/api/staticmap?size=500x450&sensor=false&zoom=5&markers=56.15302%2C10.20486&key=AIzaSyBeSTwjOtn9hQP2fBZOPEJcH8Q6D0rmU1U,https://www.acsos.org/
2024 ACM/IEEE 27th International Conference on Model Driven Engineering Languages and Systems (MODELS),Technical Conference,In Person,22 September 2024,27 September 2024,"Linz, Austria","['IEEE Computer Society', 'Association for Computing Machinery - ACM']",https://maps.googleapis.com/maps/api/staticmap?size=500x450&sensor=false&zoom=5&markers=48.30694%2C14.28583&key=AIzaSyBeSTwjOtn9hQP2fBZOPEJcH8Q6D0rmU1U,https://conf.researchr.org/home/models-2024
2024 IEEE 21st International Conference on Mobile Ad-Hoc and Smart Systems (MASS),Technical Conference,In Person,23 September 2024,25 September 2024,"Seoul, Korea (South)",['IEEE Computer Society'],https://maps.googleapis.com/maps/api/staticmap?size=500x450&sensor=false&zoom=5&markers=37.55886%2C126.99989&key=AIzaSyBeSTwjOtn9hQP2fBZOPEJcH8Q6D0rmU1U,https://sites.google.com/view/ieee-mass-2024/
2024 IEEE International Conference on Cluster Computing (CLUSTER),Technical Conference,In Person,24 September 2024,27 September 2024,"Kobe, Japan",['IEEE Computer Society'],https://maps.googleapis.com/maps/api/staticmap?size=500x450&sensor=false&zoom=5&markers=34.6900806%2C135.1956311&key=AIzaSyBeSTwjOtn9hQP2fBZOPEJcH8Q6D0rmU1U,https://clustercomp.org/
2024 IEEE International Conference on Cluster Computing Workshops (CLUSTER Workshops),Technical Conference,Hybrid,24 September 2024,27 September 2024,"Kobe, Japan (Hybrid)",['IEEE Computer Society'],https://maps.googleapis.com/maps/api/staticmap?size=500x450&sensor=false&zoom=5&markers=34.6900806%2C135.1956311&key=AIzaSyBeSTwjOtn9hQP2fBZOPEJcH8Q6D0rmU1U,https://clustercomp.org/committee/
2024 IEEE International Conference on Cloud Engineering (IC2E),Technical Conference,In Person,24 September 2024,27 September 2024,"Paphos, Cyprus",['IEEE Computer Society'],https://maps.googleapis.com/maps/api/staticmap?size=500x450&sensor=false&zoom=5&markers=34.77539489999999%2C32.4217786&key=AIzaSyBeSTwjOtn9hQP2fBZOPEJcH8Q6D0rmU1U,https://conferences.computer.org/IC2E/2024/index.html
2024 IEEE Region 10 Symposium (TENSYMP),Technical Conference,In Person,27 September 2024,29 September 2024,"New Delhi, India","['IEEE Computer Society', 'IEEE Control Systems Society', 'IEEE Electron Devices Society', 'IEEE Industry Applications Society', 'IEEE Intelligent Transportation Systems Society', 'IEEE Power & Energy Society', 'Region 10 - Asia and Pacific', 'Delhi Section']",https://maps.googleapis.com/maps/api/staticmap?size=500x450&sensor=false&zoom=5&markers=28.6139391%2C77.2090212&key=AIzaSyBeSTwjOtn9hQP2fBZOPEJcH8Q6D0rmU1U,https://ieeedelhi-tensymp2024.org/
2024 IEEE International Conference on Software Maintenance and Evolution (ICSME),Technical Conference,In Person,6 October 2024,11 October 2024,"Flagstaff, Arizona, USA",['IEEE Computer Society'],https://maps.googleapis.com/maps/api/staticmap?size=500x450&sensor=false&zoom=5&markers=35.1982836%2C-111.651302&key=AIzaSyBeSTwjOtn9hQP2fBZOPEJcH8Q6D0rmU1U,https://conf.researchr.org/home/icsme-2024
2024 IEEE International Conference on Source Code Analysis and Manipulation (SCAM),Technical Conference,In Person,6 October 2024,7 October 2024,"Flagstaff, Arizona, USA",['IEEE Computer Society'],https://maps.googleapis.com/maps/api/staticmap?size=500x450&sensor=false&zoom=5&markers=35.1982836%2C-111.651302&key=AIzaSyBeSTwjOtn9hQP2fBZOPEJcH8Q6D0rmU1U,https://www.ieee-scam.org/2024/
2024 IEEE Secure Development Conference (SecDev),Technical Conference,Hybrid,7 October 2024,10 October 2024,"Pittsburgh, Pennsylvania, USA (Hybrid)",['IEEE Computer Society'],https://maps.googleapis.com/maps/api/staticmap?size=500x450&sensor=false&zoom=5&markers=40.44062479999999%2C-79.9958864&key=AIzaSyBeSTwjOtn9hQP2fBZOPEJcH8Q6D0rmU1U,https://secdev.ieee.org/
2024 IEEE 49th Conference on Local Computer Networks (LCN),Technical Conference,In Person,8 October 2024,10 October 2024,"Normandy, France",['IEEE Computer Society'],https://maps.googleapis.com/maps/api/staticmap?size=500x450&sensor=false&zoom=5&markers=49.44014%2C1.0894&key=AIzaSyBeSTwjOtn9hQP2fBZOPEJcH8Q6D0rmU1U,https://www.ieeelcn.org/
2024 IEEE International Symposium on Defect and Fault Tolerance in VLSI and Nanotechnology Systems (DFT),Technical Conference,In Person,8 October 2024,10 October 2024,"Didcot, United Kingdom",['IEEE Computer Society'],https://maps.googleapis.com/maps/api/staticmap?size=500x450&sensor=false&zoom=5&markers=51.60237%2C-1.23211&key=AIzaSyBeSTwjOtn9hQP2fBZOPEJcH8Q6D0rmU1U,https://www.dfts.org/
2024 IEEE International Conference on e-Business Engineering (ICEBE),Technical Conference,Hybrid,11 October 2024,13 October 2024,"Shanghai, China (Hybrid)",['IEEE Computer Society'],https://maps.googleapis.com/maps/api/staticmap?size=500x450&sensor=false&zoom=5&markers=31.230416%2C121.473701&key=AIzaSyBeSTwjOtn9hQP2fBZOPEJcH8Q6D0rmU1U,https://conferences.computer.org/icebe/2024/index.htm
2024 IEEE Visualization and Visual Analytics (VIS),Technical Conference,In Person,13 October 2024,18 October 2024,"Tampa Bay, Florida, USA",['IEEE Computer Society'],https://maps.googleapis.com/maps/api/staticmap?size=500x450&sensor=false&zoom=5&markers=27.763383%2C-82.5436722&key=AIzaSyBeSTwjOtn9hQP2fBZOPEJcH8Q6D0rmU1U,https://ieeevis.org/
2024 IEEE Frontiers in Education Conference (FIE),Technical Conference,In Person,13 October 2024,16 October 2024,"Washington, District of Columbia, USA","['IEEE Computer Society', 'IEEE Education Society', 'ASEE Educational Research Methods Division']",https://maps.googleapis.com/maps/api/staticmap?size=500x450&sensor=false&zoom=5&markers=38.9071923%2C-77.0368707&key=AIzaSyBeSTwjOtn9hQP2fBZOPEJcH8Q6D0rmU1U,https://2024.fie-conference.org/
2024 IEEE Digital Platforms and Societal Harms,Technical Conference,Hybrid,14 October 2024,15 October 2024,"Washington, District of Columbia, USA (Hybrid)","['IEEE Computer Society', 'Northern Virginia/Washington Jt. C Chapter', 'IEEE Society on Social Implications of Technology']",https://maps.googleapis.com/maps/api/staticmap?size=500x450&sensor=false&zoom=5&markers=38.9071923%2C-77.0368707&key=AIzaSyBeSTwjOtn9hQP2fBZOPEJcH8Q6D0rmU1U,https://www.computer.org/conferences/dpsh-2024
2024 IEEE 65th Annual Symposium on Foundations of Computer Science (FOCS),Technical Conference,In Person,20 October 2024,23 October 2024,"Chicago, Illinois, USA",['IEEE Computer Society'],https://maps.googleapis.com/maps/api/staticmap?size=500x450&sensor=false&zoom=5&markers=41.8781136%2C-87.6297982&key=AIzaSyBeSTwjOtn9hQP2fBZOPEJcH8Q6D0rmU1U,
2024 IEEE International Symposium on Mixed and Augmented Reality (ISMAR),Technical Conference,Hybrid,21 October 2024,25 October 2024,"Bellevue, Washington, USA (Hybrid)",['IEEE Computer Society'],https://maps.googleapis.com/maps/api/staticmap?size=500x450&sensor=false&zoom=5&markers=47.6101497%2C-122.2015159&key=AIzaSyBeSTwjOtn9hQP2fBZOPEJcH8Q6D0rmU1U,https://www.ismar.net/
2024 International Conference on Cyber-Enabled Distributed Computing and Knowledge Discovery (CyberC),Technical Conference,In Person,24 October 2024,26 October 2024,"Guangzhou, China","['IEEE Computer Society', 'The Hong Kong University of Science and Technology (Guangzhou)', 'University of Louisville - Minds Lab']",https://maps.googleapis.com/maps/api/staticmap?size=500x450&sensor=false&zoom=5&markers=23.1290799%2C113.26436&key=AIzaSyBeSTwjOtn9hQP2fBZOPEJcH8Q6D0rmU1U,https://cyberc.org/
2024 39th IEEE/ACM International Conference on Automated Software Engineering (ASE),Technical Conference,In Person,27 October 2024,1 November 2024,"Sacramento, California, USA","['IEEE Computer Society', 'ACM SIGAI', 'Association for Computing Machinery Special Interest Group on Software Engineering - ACM SIGSOFT']",https://maps.googleapis.com/maps/api/staticmap?size=500x450&sensor=false&zoom=5&markers=38.5815719%2C-121.4943996&key=AIzaSyBeSTwjOtn9hQP2fBZOPEJcH8Q6D0rmU1U,https://conf.researchr.org/home/ase-2024
2024 IEEE 32nd International Conference on Network Protocols (ICNP),Technical Conference,In Person,28 October 2024,31 October 2024,"Charleroi, Belgium",['IEEE Computer Society'],https://maps.googleapis.com/maps/api/staticmap?size=500x450&sensor=false&zoom=5&markers=50.41081%2C4.44022&key=AIzaSyBeSTwjOtn9hQP2fBZOPEJcH8Q6D0rmU1U,https://icnp24.cs.ucr.edu/
2024 IEEE 10th International Conference on Collaboration and Internet Computing (CIC),Technical Conference,In Person,28 October 2024,30 October 2024,"Washington, District of Columbia, USA",['IEEE Computer Society'],https://maps.googleapis.com/maps/api/staticmap?size=500x450&sensor=false&zoom=5&markers=38.9071923%2C-77.0368707&key=AIzaSyBeSTwjOtn9hQP2fBZOPEJcH8Q6D0rmU1U,https://www.sis.pitt.edu/lersais/conference/cic/2024/
"2024 IEEE 6th International Conference on Trust, Privacy and Security in Intelligent Systems, and Applications (TPS-ISA)",Technical Conference,In Person,28 October 2024,30 October 2024,"Washington, District of Columbia, USA",['IEEE Computer Society'],https://maps.googleapis.com/maps/api/staticmap?size=500x450&sensor=false&zoom=5&markers=38.9071923%2C-77.0368707&key=AIzaSyBeSTwjOtn9hQP2fBZOPEJcH8Q6D0rmU1U,https://www.sis.pitt.edu/lersais/conference/tps/2024/
2024 IEEE 6th International Conference on Cognitive Machine Intelligence (CogMI),Technical Conference,In Person,28 October 2024,31 October 2024,"Washington, District of Columbia, USA",['IEEE Computer Society'],https://maps.googleapis.com/maps/api/staticmap?size=500x450&sensor=false&zoom=5&markers=38.9071923%2C-77.0368707&key=AIzaSyBeSTwjOtn9hQP2fBZOPEJcH8Q6D0rmU1U,https://www.sis.pitt.edu/lersais/conference/cogmi/2024/
2024 IEEE 35th International Symposium on Software Reliability Engineering (ISSRE),Technical Conference,In Person,28 October 2024,31 October 2024,"Tsukuba, Japan","['IEEE Computer Society', 'IEEE Reliability Society']",https://maps.googleapis.com/maps/api/staticmap?size=500x450&sensor=false&zoom=5&markers=36.08348%2C140.07645&key=AIzaSyBeSTwjOtn9hQP2fBZOPEJcH8Q6D0rmU1U,https://issre.github.io/2024/
2024 IEEE 36th International Conference on Tools with Artificial Intelligence (ICTAI),Technical Conference,In Person,28 October 2024,30 October 2024,"Herndon, Virginia, USA","['IEEE Computer Society', 'Biological & AI Foundation - BAIF']",https://maps.googleapis.com/maps/api/staticmap?size=500x450&sensor=false&zoom=5&markers=38.96973%2C-77.385&key=AIzaSyBeSTwjOtn9hQP2fBZOPEJcH8Q6D0rmU1U,
2024 IEEE 35th International Symposium on Software Reliability Engineering Workshops (ISSREW),Technical Conference,In Person,28 October 2024,31 October 2024,"Tsukuba, Japan","['IEEE Computer Society', 'IEEE Reliability Society']",https://maps.googleapis.com/maps/api/staticmap?size=500x450&sensor=false&zoom=5&markers=36.08348%2C140.07645&key=AIzaSyBeSTwjOtn9hQP2fBZOPEJcH8Q6D0rmU1U,https://issre.github.io/2024/index.html
2024 IEEE International Symposium on Parallel and Distributed Processing with Applications (ISPA),Technical Conference,In Person,30 October 2024,2 November 2024,"Kaifeng, China",['IEEE Computer Society'],https://maps.googleapis.com/maps/api/staticmap?size=500x450&sensor=false&zoom=5&markers=39.90657%2C116.38765&key=AIzaSyBeSTwjOtn9hQP2fBZOPEJcH8Q6D0rmU1U,https://www.ieee-ispa.org/2024/ispa/
2024 IEEE International Conference on Big Data and Cloud Computing (BDCloud),Technical Conference,In Person,30 October 2024,2 November 2024,"Kaifeng, China",['IEEE Computer Society'],https://maps.googleapis.com/maps/api/staticmap?size=500x450&sensor=false&zoom=5&markers=39.90657%2C116.38765&key=AIzaSyBeSTwjOtn9hQP2fBZOPEJcH8Q6D0rmU1U,
2024 IEEE International Conference on Sustainable Computing and Communications (SustainCom),Technical Conference,In Person,30 October 2024,2 November 2024,"Kaifeng, China",['IEEE Computer Society'],https://maps.googleapis.com/maps/api/staticmap?size=500x450&sensor=false&zoom=5&markers=39.90657%2C116.38765&key=AIzaSyBeSTwjOtn9hQP2fBZOPEJcH8Q6D0rmU1U,
"2024 IEEE International Conference on Security, Privacy, Anonymity in Computation and Communication and Storage (SpaCCS)",Technical Conference,In Person,30 October 2024,2 November 2024,"Kaifeng, China",['IEEE Computer Society'],https://maps.googleapis.com/maps/api/staticmap?size=500x450&sensor=false&zoom=5&markers=39.90657%2C116.38765&key=AIzaSyBeSTwjOtn9hQP2fBZOPEJcH8Q6D0rmU1U,https://www.ieee-ispa.org/2024/spaccs/
2024 57th IEEE/ACM International Symposium on Microarchitecture (MICRO),Technical Conference,In Person,2 November 2024,6 November 2024,"Austin, Texas, USA","['IEEE Computer Society', 'Association for Computing Machinery Special Interest Group on Microarchitectural Research & Processing - ACM SIGMICRO']",https://maps.googleapis.com/maps/api/staticmap?size=500x450&sensor=false&zoom=5&markers=30.267153%2C-97.7430608&key=AIzaSyBeSTwjOtn9hQP2fBZOPEJcH8Q6D0rmU1U,https://microarch.org/micro57
2024 IEEE 42nd IEEE International Conference on Computer Design (ICCD),Technical Conference,In Person,3 November 2024,6 November 2024,"Milan, Italy",['IEEE Computer Society'],https://maps.googleapis.com/maps/api/staticmap?size=500x450&sensor=false&zoom=5&markers=45.46796%2C9.18178&key=AIzaSyBeSTwjOtn9hQP2fBZOPEJcH8Q6D0rmU1U,https://www.iccd-conf.com/
2024 IEEE 29th Pacific Rim International Symposium on Dependable Computing (PRDC),Technical Conference,Hybrid,13 November 2024,15 November 2024,"Osaka, Japan (Hybrid)",['IEEE Computer Society'],https://maps.googleapis.com/maps/api/staticmap?size=500x450&sensor=false&zoom=5&markers=34.6937249%2C135.5022535&key=AIzaSyBeSTwjOtn9hQP2fBZOPEJcH8Q6D0rmU1U,https://prdc.dependability.org/PRDC2024/
2024 IEEE International Conference on Smart Internet of Things (SmartIoT),Technical Conference,In Person,14 November 2024,16 November 2024,"Shenzhen, China",['IEEE Computer Society'],https://maps.googleapis.com/maps/api/staticmap?size=500x450&sensor=false&zoom=5&markers=22.5428599%2C114.05956&key=AIzaSyBeSTwjOtn9hQP2fBZOPEJcH8Q6D0rmU1U,https://www.ieee-smartiot.org/
2024 IEEE International Conference on Medical Artificial Intelligence (MedAI),Technical Conference,Hybrid,15 November 2024,17 November 2024,"Chongqing, China (Hybrid)",['IEEE Computer Society'],https://maps.googleapis.com/maps/api/staticmap?size=500x450&sensor=false&zoom=5&markers=29.5656843%2C106.5511838&key=AIzaSyBeSTwjOtn9hQP2fBZOPEJcH8Q6D0rmU1U,http://www.bigdatacq.cn/2024MedAl.html
"SC24: International Conference for High Performance Computing, Networking, Storage and Analysis",Technical Conference,Hybrid,17 November 2024,22 November 2024,"Atlanta, Georgia, USA (Hybrid)","['IEEE Computer Society', 'Association for Computing Machinery - ACM']",https://maps.googleapis.com/maps/api/staticmap?size=500x450&sensor=false&zoom=5&markers=33.748752%2C-84.38768449999999&key=AIzaSyBeSTwjOtn9hQP2fBZOPEJcH8Q6D0rmU1U,https://sc24.supercomputing.org/
"2024 IEEE International Performance, Computing, and Communications Conference (IPCCC)",Technical Conference,In Person,22 November 2024,24 November 2024,"Orlando, Florida, USA",['IEEE Computer Society'],https://maps.googleapis.com/maps/api/staticmap?size=500x450&sensor=false&zoom=5&markers=28.5383832%2C-81.3789269&key=AIzaSyBeSTwjOtn9hQP2fBZOPEJcH8Q6D0rmU1U,https://www.ipccc.org/
2024 IEEE 24th International Conference on Bioinformatics and Bioengineering (BIBE),Technical Conference,In Person,27 November 2024,29 November 2024,"Kragujevac, Serbia",['IEEE Computer Society'],https://maps.googleapis.com/maps/api/staticmap?size=500x450&sensor=false&zoom=5&markers=44.0292%2C20.91721&key=AIzaSyBeSTwjOtn9hQP2fBZOPEJcH8Q6D0rmU1U,http://www.bibe2024.kg.ac.rs/
2024 IEEE International Conference on Bioinformatics and Biomedicine (BIBM),Technical Conference,In Person,3 December 2024,6 December 2024,"Lisbon, Portugal","['IEEE Computer Society', 'International Society of Big Data and Bioinformatics']",https://maps.googleapis.com/maps/api/staticmap?size=500x450&sensor=false&zoom=5&markers=38.7222524%2C-9.1393366&key=AIzaSyBeSTwjOtn9hQP2fBZOPEJcH8Q6D0rmU1U,https://ieeebibm.org/BIBM2024/
2024 IEEE/ACM Symposium on Edge Computing (SEC),Technical Conference,In Person,4 December 2024,7 December 2024,"Rome, Italy","['IEEE Computer Society', 'Association for Computing Machinery Special Interest Group on Mobile - ACM SIG MOBILE']",https://maps.googleapis.com/maps/api/staticmap?size=500x450&sensor=false&zoom=5&markers=41.9027835%2C12.4963655&key=AIzaSyBeSTwjOtn9hQP2fBZOPEJcH8Q6D0rmU1U,https://acm-ieee-sec.org/2024/
2024 IEEE International Conference on Data Mining (ICDM),Technical Conference,Hybrid,9 December 2024,12 December 2024,"Abu Dhabi, United Arab Emirates (Hybrid)",['IEEE Computer Society'],https://maps.googleapis.com/maps/api/staticmap?size=500x450&sensor=false&zoom=5&markers=24.453884%2C54.3773438&key=AIzaSyBeSTwjOtn9hQP2fBZOPEJcH8Q6D0rmU1U,http://icdm2024.josueonline.com/
2024 IEEE International Conference on Cloud Computing Technology and Science (CloudCom),Technical Conference,In Person,9 December 2024,11 December 2024,"Abu Dhabi, United Arab Emirates","['IEEE Computer Society', 'Khalifa University']",https://maps.googleapis.com/maps/api/staticmap?size=500x450&sensor=false&zoom=5&markers=24.453884%2C54.3773438&key=AIzaSyBeSTwjOtn9hQP2fBZOPEJcH8Q6D0rmU1U,https://www.cloudcom2024.org/
2024 IEEE Real-Time Systems Symposium (RTSS),Technical Conference,Hybrid,10 December 2024,13 December 2024,"York, United Kingdom (Hybrid)",['IEEE Computer Society'],https://maps.googleapis.com/maps/api/staticmap?size=500x450&sensor=false&zoom=5&markers=53.95333%2C-1.08341&key=AIzaSyBeSTwjOtn9hQP2fBZOPEJcH8Q6D0rmU1U,https://2024.rtss.org/
2024 IEEE International Conference on Big Data (BigData),Technical Conference,In Person,15 December 2024,18 December 2024,"Washington, District of Columbia, USA","['IEEE Computer Society', 'International Society of Big Data and Bioinformatics']",https://maps.googleapis.com/maps/api/staticmap?size=500x450&sensor=false&zoom=5&markers=38.9071923%2C-77.0368707&key=AIzaSyBeSTwjOtn9hQP2fBZOPEJcH8Q6D0rmU1U,https://bigdataieee.org/BigData2024/index.html
"2024 IEEE/ACM International Conference on Big Data Computing, Applications and Technologies (BDCAT)",Technical Conference,In Person,16 December 2024,19 December 2024,"Sharjah, United Arab Emirates","['IEEE Computer Society', 'Association for Computing Machinery Special Interest Group on Computer Architecture - ACM SIGARCH']",https://maps.googleapis.com/maps/api/staticmap?size=500x450&sensor=false&zoom=5&markers=25.35287%2C55.39203&key=AIzaSyBeSTwjOtn9hQP2fBZOPEJcH8Q6D0rmU1U,https://bdcat-conference.org/
2024 IEEE/ACM 17th International Conference on Utility and Cloud Computing (UCC),Technical Conference,In Person,16 December 2024,19 December 2024,"Sharjah, United Arab Emirates","['IEEE Computer Society', 'Association for Computing Machinery Special Interest Group on Computer Architecture - ACM SIGARCH']",https://maps.googleapis.com/maps/api/staticmap?size=500x450&sensor=false&zoom=5&markers=25.35287%2C55.39203&key=AIzaSyBeSTwjOtn9hQP2fBZOPEJcH8Q6D0rmU1U,https://ucc-conference.org/
"2024 IEEE 31th International Conference on High Performance Computing, Data, and Analytics (HiPC)",Technical Conference,Hybrid,18 December 2024,21 December 2024,"Bangalore, India (Hybrid)","['IEEE Computer Society', 'HIPC Trust']",https://maps.googleapis.com/maps/api/staticmap?size=500x450&sensor=false&zoom=5&markers=12.9715987%2C77.5945627&key=AIzaSyBeSTwjOtn9hQP2fBZOPEJcH8Q6D0rmU1U,https://www.hipc.org/
"2024 IEEE 31st International Conference on High Performance Computing, Data and Analytics Workshop (HiPCW)",Technical Conference,Hybrid,18 December 2024,21 December 2024,"Bangalore, India (Hybrid)","['IEEE Computer Society', 'HIPC Trust']",https://maps.googleapis.com/maps/api/staticmap?size=500x450&sensor=false&zoom=5&markers=12.9715987%2C77.5945627&key=AIzaSyBeSTwjOtn9hQP2fBZOPEJcH8Q6D0rmU1U,https://hipc.org/
2024 3rd International Conference on Embedded Systems and Artificial Intelligence (ESAI),Technical Conference,Hybrid,19 December 2024,20 December 2024,"Fez, Morocco (Hybrid)","['IEEE Computer Society', ""Laboratoire d'Informatique""]",https://maps.googleapis.com/maps/api/staticmap?size=500x450&sensor=false&zoom=5&markers=34.0181246%2C-5.0078451&key=AIzaSyBeSTwjOtn9hQP2fBZOPEJcH8Q6D0rmU1U,https://esaiconference.org/
2025 IEEE International Conference on Artificial Intelligence and eXtended and Virtual Reality (AIxVR),Technical Conference,In Person,27 January 2025,29 January 2025,"Lisbon, Portugal",['IEEE Computer Society'],https://maps.googleapis.com/maps/api/staticmap?size=500x450&sensor=false&zoom=5&markers=38.7222524%2C-9.1393366&key=AIzaSyBeSTwjOtn9hQP2fBZOPEJcH8Q6D0rmU1U,http://aixvr.org/
2025 IEEE/CVF Winter Conference on Applications of Computer Vision (WACV),Technical Conference,Hybrid,26 February 2025,6 March 2025,"Tucson, Arizona, USA (Hybrid)","['IEEE Computer Society', 'Computer Vision Foundation - CVF']",https://maps.googleapis.com/maps/api/staticmap?size=500x450&sensor=false&zoom=5&markers=32.2539787%2C-110.9741769&key=AIzaSyBeSTwjOtn9hQP2fBZOPEJcH8Q6D0rmU1U,
2025 IEEE International Symposium on High Performance Computer Architecture (HPCA),Technical Conference,In Person,1 March 2025,5 March 2025,"Las Vegas, Nevada, USA",['IEEE Computer Society'],https://maps.googleapis.com/maps/api/staticmap?size=500x450&sensor=false&zoom=5&markers=36.171563%2C-115.1391009&key=AIzaSyBeSTwjOtn9hQP2fBZOPEJcH8Q6D0rmU1U,https://hpca-conf.org/
2025 IEEE Conference Virtual Reality and 3D User Interfaces (VR),Technical Conference,Hybrid,8 March 2025,12 March 2025,"Saint Malo, France (Hybrid)","['IEEE Computer Society', 'INRIA - Institut National de Recherche en Informatique et Automatique', 'France Section']",https://maps.googleapis.com/maps/api/staticmap?size=500x450&sensor=false&zoom=5&markers=48.65058%2C-2.02315&key=AIzaSyBeSTwjOtn9hQP2fBZOPEJcH8Q6D0rmU1U,
"2025 IEEE Conference on Software Testing, Verification and Validation (ICST)",Technical Conference,In Person,31 March 2025,4 April 2025,"Napoli, Italy",['IEEE Computer Society'],https://maps.googleapis.com/maps/api/staticmap?size=500x450&sensor=false&zoom=5&markers=40.84014%2C14.25227&key=AIzaSyBeSTwjOtn9hQP2fBZOPEJcH8Q6D0rmU1U,https://conf.researchr.org/home/icst-2025
2025 IEEE/ACM 47th International Conference on Software Engineering (ICSE),Technical Conference,In Person,26 April 2025,3 May 2025,"Ottawa, Ontario, Canada","['IEEE Computer Society', 'Association for Computing Machinery Special Interest Group on Software Engineering - ACM SIGSOFT']",https://maps.googleapis.com/maps/api/staticmap?size=500x450&sensor=false&zoom=5&markers=45.4215296%2C-75.69719309999999&key=AIzaSyBeSTwjOtn9hQP2fBZOPEJcH8Q6D0rmU1U,http://www.icse-conferences.org/
2025 IEEE 33rd Annual International Symposium on Field-Programmable Custom Computing Machines (FCCM),Technical Conference,In Person,4 May 2025,8 May 2025,"Fayetteville, Arkansas, USA",['IEEE Computer Society'],https://maps.googleapis.com/maps/api/staticmap?size=500x450&sensor=false&zoom=5&markers=35.05534%2C-78.87727&key=AIzaSyBeSTwjOtn9hQP2fBZOPEJcH8Q6D0rmU1U,https://www.fccm.org/
2025 IEEE Symposium on Security and Privacy (SP),Technical Conference,In Person,12 May 2025,15 May 2025,"San Francisco, California, USA",['IEEE Computer Society'],https://maps.googleapis.com/maps/api/staticmap?size=500x450&sensor=false&zoom=5&markers=37.7749295%2C-122.4194155&key=AIzaSyBeSTwjOtn9hQP2fBZOPEJcH8Q6D0rmU1U,
2025 IEEE 19th International Conference on Automatic Face and Gesture Recognition (FG),Technical Conference,In Person,12 May 2025,16 May 2025,"Tampa/Clearwater, Florida, USA","['IEEE Biometrics Council', 'IEEE Computer Society']",https://maps.googleapis.com/maps/api/staticmap?size=500x450&sensor=false&zoom=5&markers=27.96562%2C-82.79552&key=AIzaSyBeSTwjOtn9hQP2fBZOPEJcH8Q6D0rmU1U,https://fg2025.ieee-biometrics.org/
2025 IEEE/CVF Conference on Computer Vision and Pattern Recognition (CVPR),Technical Conference,In Person,10 June 2025,17 June 2025,"Nashville, Tennessee, USA","['IEEE Computer Society', 'Computer Vision Foundation - CVF']",https://maps.googleapis.com/maps/api/staticmap?size=500x450&sensor=false&zoom=5&markers=36.1626638%2C-86.7816016&key=AIzaSyBeSTwjOtn9hQP2fBZOPEJcH8Q6D0rmU1U,
2025 IEEE International Conference on Multimedia and Expo (ICME),Technical Conference,In Person,30 June 2025,4 July 2025,"Nantes, France","['IEEE Computer Society', 'IEEE Circuits and Systems Society', 'IEEE Communications Society', 'IEEE Signal Processing Society']",https://maps.googleapis.com/maps/api/staticmap?size=500x450&sensor=false&zoom=5&markers=47.218371%2C-1.553621&key=AIzaSyBeSTwjOtn9hQP2fBZOPEJcH8Q6D0rmU1U,
2025 IEEE 10th European Symposium on Security and Privacy (EuroS&P),Technical Conference,In Person,30 June 2025,4 July 2025,"Venice, Italy",['IEEE Computer Society'],https://maps.googleapis.com/maps/api/staticmap?size=500x450&sensor=false&zoom=5&markers=45.4408474%2C12.3155151&key=AIzaSyBeSTwjOtn9hQP2fBZOPEJcH8Q6D0rmU1U,
2025 IEEE 45th International Conference on Distributed Computing Systems (ICDCS),Technical Conference,In Person,21 July 2025,23 July 2025,"Glasgow, United Kingdom",['IEEE Computer Society'],https://maps.googleapis.com/maps/api/staticmap?size=500x450&sensor=false&zoom=5&markers=55.85783%2C-4.24251&key=AIzaSyBeSTwjOtn9hQP2fBZOPEJcH8Q6D0rmU1U,
2025 IEEE 45th International Conference on Distributed Computing Systems Workshops (ICDCSW),Technical Conference,In Person,21 July 2025,23 July 2025,"Glasgow, United Kingdom",['IEEE Computer Society'],https://maps.googleapis.com/maps/api/staticmap?size=500x450&sensor=false&zoom=5&markers=55.85783%2C-4.24251&key=AIzaSyBeSTwjOtn9hQP2fBZOPEJcH8Q6D0rmU1U,
2025 IEEE International Conference on Cluster Computing (CLUSTER),Technical Conference,In Person,2 September 2025,5 September 2025,United Kingdom,['IEEE Computer Society'],https://maps.googleapis.com/maps/api/staticmap?size=500x450&sensor=false&zoom=5&markers=55.378051%2C-3.435973&key=AIzaSyBeSTwjOtn9hQP2fBZOPEJcH8Q6D0rmU1U,
2025 IEEE/CVF International Conference on Computer Vision (ICCV),Technical Conference,In Person,19 October 2025,25 October 2025,"Honolulu, Hawaii, USA","['IEEE Computer Society', 'Computer Vision Foundation - CVF']",https://maps.googleapis.com/maps/api/staticmap?size=500x450&sensor=false&zoom=5&markers=21.3098845%2C-157.8581401&key=AIzaSyBeSTwjOtn9hQP2fBZOPEJcH8Q6D0rmU1U,
2025 IEEE Visualization and Visual Analytics (VIS),Technical Conference,Hybrid,1 November 2025,7 November 2025,"Vienna, Austria (Hybrid)","['IEEE Computer Society', 'Vienna University of Technology']",https://maps.googleapis.com/maps/api/staticmap?size=500x450&sensor=false&zoom=5&markers=48.2081743%2C16.3738189&key=AIzaSyBeSTwjOtn9hQP2fBZOPEJcH8Q6D0rmU1U,https://ieeevis.org/
"SC25: International Conference for High Performance Computing, Networking, Storage and Analysis",Technical Conference,In Person,16 November 2025,21 November 2025,"St. Louis, Missouri, USA","['IEEE Computer Society', 'Association for Computing Machinery - ACM']",https://maps.googleapis.com/maps/api/staticmap?size=500x450&sensor=false&zoom=5&markers=38.6270025%2C-90.19940419999999&key=AIzaSyBeSTwjOtn9hQP2fBZOPEJcH8Q6D0rmU1U,
2025 IEEE 66th Annual Symposium on Foundations of Computer Science (FOCS),Technical Conference,In Person,14 December 2025,17 December 2025,"Sydney, Australia",['IEEE Computer Society'],https://maps.googleapis.com/maps/api/staticmap?size=500x450&sensor=false&zoom=5&markers=-33.8688197%2C151.2092955&key=AIzaSyBeSTwjOtn9hQP2fBZOPEJcH8Q6D0rmU1U,
2026 IEEE/CVF Conference on Computer Vision and Pattern Recognition (CVPR),Technical Conference,In Person,6 June 2026,12 June 2026,"Denver, Colorado, USA","['IEEE Computer Society', 'Computer Vision Foundation - CVF']",https://maps.googleapis.com/maps/api/staticmap?size=500x450&sensor=false&zoom=5&markers=39.7392358%2C-104.990251&key=AIzaSyBeSTwjOtn9hQP2fBZOPEJcH8Q6D0rmU1U,
2026 IEEE Visualization and Visual Analytics (VIS),Technical Conference,Hybrid,8 November 2026,13 November 2026,"Boston, Massachusetts, USA (Hybrid)",['IEEE Computer Society'],https://maps.googleapis.com/maps/api/staticmap?size=500x450&sensor=false&zoom=5&markers=42.3600825%2C-71.0588801&key=AIzaSyBeSTwjOtn9hQP2fBZOPEJcH8Q6D0rmU1U,https://ieeevis.org/
2027 IEEE/CVF Conference on Computer Vision and Pattern Recognition (CVPR),Technical Conference,In Person,19 June 2027,26 June 2027,"Seattle, Washington, USA","['IEEE Computer Society', 'Computer Vision Foundation - CVF']",https://maps.googleapis.com/maps/api/staticmap?size=500x450&sensor=false&zoom=5&markers=47.6062095%2C-122.3320708&key=AIzaSyBeSTwjOtn9hQP2fBZOPEJcH8Q6D0rmU1U,
